"3.0,0.0,1.0,0,0.38,0.62"
"4.0,0.0,1.0,0,0.48,0.52"
"5.0,0.0,1.0,0,0.49,0.51"
"6.0,0.0,1.0,0,0.39,0.61"
"7.0,0.0,0.0,1,0.53,0.47"
"11.0,1.0,1.0,1,0.44,0.56"
"18.0,0.0,0.0,1,0.54,0.46"
"24.0,1.0,0.0,0,0.55,0.45"
"26.0,0.0,0.0,1,0.51,0.49"
"30.0,0.0,0.0,1,0.59,0.41"
"31.0,0.0,1.0,0,0.49,0.51"
"35.0,0.0,1.0,0,0.48,0.52"
"41.0,0.0,1.0,0,0.48,0.52"
"42.0,0.0,0.0,1,0.52,0.48"
"51.0,1.0,1.0,1,0.45,0.55"
"54.0,0.0,0.0,1,0.56,0.44"
"55.0,0.0,0.0,1,0.56,0.44"
"58.0,1.0,0.0,0,0.58,0.42"
"60.0,1.0,1.0,1,0.48,0.52"
"61.0,0.0,0.0,1,0.56,0.44"
"64.0,0.0,0.0,1,0.52,0.48"
"68.0,0.0,0.0,1,0.5,0.5"
"73.0,0.0,0.0,1,0.63,0.37"
"75.0,0.0,0.0,1,0.59,0.41"
"78.0,0.0,0.0,1,0.54,0.46"
"80.0,0.0,1.0,0,0.46,0.54"
"82.0,1.0,0.0,0,0.52,0.48"
"94.0,1.0,1.0,1,0.46,0.54"
"95.0,0.0,0.0,1,0.51,0.49"
"96.0,0.0,0.0,1,0.55,0.45"
"98.0,0.0,0.0,1,0.58,0.42"
"105.0,0.0,0.0,1,0.56,0.44"
"107.0,0.0,0.0,1,0.6,0.4"
"109.0,0.0,0.0,1,0.56,0.44"
"113.0,0.0,1.0,0,0.36,0.64"
"114.0,0.0,0.0,1,0.54,0.46"
"116.0,0.0,0.0,1,0.51,0.49"
"118.0,0.0,1.0,0,0.36,0.64"
"121.0,1.0,1.0,1,0.45,0.55"
"122.0,0.0,0.0,1,0.51,0.49"
"123.0,0.0,0.0,1,0.54,0.46"
"126.0,0.0,0.0,1,0.55,0.45"
"130.0,0.0,1.0,0,0.33,0.67"
"132.0,0.0,1.0,0,0.49,0.51"
"133.0,0.0,0.0,1,0.58,0.42"
"135.0,1.0,1.0,1,0.41,0.59"
"138.0,0.0,0.0,1,0.57,0.43"
"139.0,1.0,1.0,1,0.49,0.51"
"141.0,0.0,0.0,1,0.5,0.5"
"144.0,0.0,1.0,0,0.47,0.53"
"145.0,0.0,0.0,1,0.59,0.41"
"146.0,0.0,0.0,1,0.51,0.49"
"150.0,0.0,0.0,1,0.56,0.44"
"151.0,0.0,1.0,0,0.5,0.5"
"163.0,0.0,1.0,0,0.49,0.51"
"166.0,1.0,1.0,1,0.39,0.61"
"171.0,0.0,0.0,1,0.64,0.36"
"174.0,0.0,0.0,1,0.59,0.41"
"179.0,0.0,1.0,0,0.48,0.52"
"182.0,1.0,1.0,1,0.41,0.59"
"189.0,0.0,0.0,1,0.54,0.46"
"198.0,1.0,1.0,1,0.35,0.65"
"201.0,1.0,1.0,1,0.5,0.5"
"202.0,0.0,0.0,1,0.63,0.37"
"209.0,0.0,0.0,1,0.55,0.45"
"210.0,0.0,0.0,1,0.53,0.47"
"214.0,0.0,0.0,1,0.51,0.49"
"221.0,0.0,1.0,0,0.36,0.64"
"222.0,0.0,0.0,1,0.58,0.42"
"225.0,0.0,1.0,0,0.46,0.54"
"227.0,0.0,1.0,0,0.47,0.53"
"234.0,0.0,0.0,1,0.5,0.5"
"236.0,0.0,0.0,1,0.53,0.47"
"239.0,0.0,0.0,1,0.51,0.49"
"243.0,0.0,0.0,1,0.53,0.47"
"245.0,0.0,0.0,1,0.52,0.48"
"247.0,1.0,1.0,1,0.49,0.51"
"251.0,0.0,0.0,1,0.58,0.42"
"253.0,1.0,1.0,1,0.49,0.51"
"259.0,0.0,1.0,0,0.42,0.58"
"263.0,1.0,1.0,1,0.49,0.51"
"264.0,0.0,1.0,0,0.44,0.56"
"267.0,0.0,1.0,0,0.41,0.59"
"269.0,0.0,1.0,0,0.47,0.53"
"275.0,0.0,0.0,1,0.63,0.37"
"276.0,0.0,0.0,1,0.89,0.11"
"277.0,0.0,0.0,1,0.6,0.4"
"281.0,1.0,0.0,0,0.5,0.5"
"282.0,1.0,1.0,1,0.48,0.52"
"283.0,0.0,1.0,0,0.47,0.53"
"289.0,1.0,1.0,1,0.35,0.65"
"296.0,0.0,0.0,1,0.57,0.43"
"300.0,1.0,1.0,1,0.49,0.51"
"305.0,1.0,0.0,0,0.61,0.39"
"307.0,0.0,0.0,1,0.54,0.46"
"314.0,0.0,0.0,1,0.56,0.44"
"315.0,1.0,1.0,1,0.35,0.65"
"320.0,0.0,0.0,1,0.55,0.45"
"322.0,0.0,0.0,1,0.56,0.44"
"327.0,0.0,0.0,1,0.52,0.48"
"335.0,0.0,0.0,1,0.53,0.47"
"336.0,0.0,1.0,0,0.49,0.51"
"340.0,0.0,0.0,1,0.6,0.4"
"346.0,0.0,0.0,1,0.54,0.46"
"347.0,0.0,1.0,0,0.5,0.5"
"351.0,0.0,0.0,1,0.6,0.4"
"352.0,0.0,0.0,1,0.6,0.4"
"353.0,0.0,0.0,1,0.56,0.44"
"356.0,0.0,0.0,1,0.54,0.46"
"358.0,0.0,0.0,1,0.56,0.44"
"364.0,0.0,1.0,0,0.43,0.57"
"366.0,0.0,1.0,0,0.46,0.54"
"368.0,0.0,0.0,1,0.55,0.45"
"369.0,0.0,0.0,1,0.53,0.47"
"378.0,0.0,0.0,1,0.56,0.44"
"379.0,0.0,1.0,0,0.3,0.7"
"383.0,0.0,0.0,1,0.52,0.48"
"388.0,0.0,1.0,0,0.49,0.51"
"389.0,1.0,0.0,0,0.65,0.35"
"390.0,0.0,1.0,0,0.49,0.51"
"393.0,0.0,0.0,1,0.58,0.42"
"403.0,0.0,1.0,0,0.49,0.51"
"404.0,0.0,1.0,0,0.44,0.56"
"405.0,1.0,0.0,0,0.58,0.42"
"413.0,0.0,0.0,1,0.54,0.46"
"418.0,0.0,1.0,0,0.46,0.54"
"426.0,0.0,0.0,1,0.53,0.47"
"428.0,0.0,0.0,1,0.53,0.47"
"430.0,1.0,0.0,0,0.5,0.5"
"431.0,0.0,0.0,1,0.52,0.48"
"433.0,1.0,0.0,0,0.56,0.44"
"434.0,0.0,0.0,1,0.53,0.47"
"437.0,0.0,1.0,0,0.41,0.59"
"440.0,0.0,0.0,1,0.55,0.45"
"445.0,0.0,1.0,0,0.46,0.54"
"446.0,0.0,0.0,1,0.54,0.46"
"448.0,0.0,1.0,0,0.45,0.55"
"450.0,0.0,0.0,1,0.55,0.45"
"459.0,0.0,0.0,1,0.55,0.45"
"463.0,0.0,0.0,1,0.55,0.45"
"469.0,0.0,0.0,1,0.56,0.44"
"476.0,0.0,0.0,1,0.59,0.41"
"481.0,0.0,1.0,0,0.47,0.53"
"482.0,0.0,1.0,0,0.44,0.56"
"484.0,0.0,0.0,1,0.54,0.46"
"487.0,0.0,1.0,0,0.46,0.54"
"488.0,0.0,0.0,1,0.55,0.45"
"489.0,0.0,1.0,0,0.49,0.51"
"490.0,0.0,1.0,0,0.42,0.58"
"496.0,1.0,1.0,1,0.48,0.52"
"497.0,1.0,0.0,0,0.56,0.44"
"498.0,1.0,0.0,0,0.55,0.45"
"512.0,0.0,1.0,0,0.45,0.55"
"513.0,0.0,0.0,1,0.6,0.4"
"514.0,0.0,0.0,1,0.55,0.45"
"518.0,0.0,1.0,0,0.49,0.51"
"523.0,1.0,1.0,1,0.38,0.62"
"530.0,0.0,0.0,1,0.56,0.44"
"534.0,0.0,0.0,1,0.56,0.44"
"535.0,0.0,1.0,0,0.49,0.51"
"541.0,0.0,1.0,0,0.41,0.59"
"543.0,0.0,0.0,1,0.59,0.41"
"546.0,0.0,0.0,1,0.59,0.41"
"548.0,0.0,0.0,1,0.53,0.47"
"551.0,1.0,0.0,0,0.54,0.46"
"554.0,0.0,1.0,0,0.46,0.54"
"565.0,1.0,0.0,0,0.52,0.48"
"567.0,0.0,1.0,0,0.49,0.51"
"570.0,0.0,0.0,1,0.57,0.43"
"571.0,0.0,0.0,1,0.51,0.49"
"572.0,0.0,0.0,1,0.52,0.48"
"573.0,0.0,1.0,0,0.49,0.51"
"574.0,1.0,0.0,0,0.52,0.48"
"576.0,1.0,1.0,1,0.43,0.57"
"582.0,1.0,0.0,0,0.53,0.47"
"585.0,1.0,0.0,0,0.52,0.48"
"586.0,0.0,0.0,1,0.53,0.47"
"588.0,0.0,1.0,0,0.44,0.56"
"589.0,0.0,1.0,0,0.44,0.56"
"591.0,1.0,0.0,0,0.51,0.49"
"592.0,0.0,0.0,1,0.57,0.43"
"593.0,0.0,0.0,1,0.58,0.42"
"596.0,0.0,1.0,0,0.44,0.56"
"598.0,0.0,0.0,1,0.57,0.43"
"600.0,1.0,0.0,0,0.56,0.44"
"603.0,1.0,1.0,1,0.41,0.59"
"605.0,0.0,0.0,1,0.52,0.48"
"607.0,0.0,1.0,0,0.43,0.57"
"609.0,1.0,1.0,1,0.43,0.57"
"613.0,0.0,0.0,1,0.57,0.43"
"615.0,0.0,0.0,1,0.52,0.48"
"617.0,0.0,0.0,1,0.53,0.47"
"622.0,0.0,0.0,1,0.55,0.45"
"628.0,1.0,0.0,0,0.54,0.46"
"635.0,0.0,0.0,1,0.54,0.46"
"643.0,0.0,0.0,1,0.52,0.48"
"644.0,0.0,0.0,1,0.59,0.41"
"645.0,0.0,0.0,1,0.58,0.42"
"647.0,0.0,0.0,1,0.6,0.4"
"652.0,1.0,0.0,0,0.51,0.49"
"654.0,1.0,1.0,1,0.5,0.5"
"655.0,0.0,0.0,1,0.58,0.42"
"661.0,0.0,0.0,1,0.54,0.46"
"671.0,0.0,0.0,1,0.54,0.46"
"672.0,0.0,0.0,1,0.53,0.47"
"675.0,0.0,0.0,1,0.63,0.37"
"677.0,0.0,0.0,1,0.51,0.49"
"679.0,1.0,0.0,0,0.55,0.45"
"681.0,0.0,0.0,1,0.56,0.44"
"682.0,0.0,1.0,0,0.5,0.5"
"689.0,0.0,1.0,0,0.43,0.57"
"696.0,1.0,1.0,1,0.38,0.62"
"699.0,0.0,0.0,1,0.55,0.45"
"707.0,1.0,0.0,0,0.56,0.44"
"709.0,0.0,0.0,1,0.63,0.37"
"711.0,0.0,1.0,0,0.49,0.51"
"712.0,1.0,1.0,1,0.43,0.57"
"713.0,0.0,1.0,0,0.48,0.52"
"716.0,0.0,0.0,1,0.5,0.5"
"718.0,1.0,0.0,0,0.54,0.46"
"721.0,0.0,0.0,1,0.53,0.47"
"722.0,0.0,0.0,1,0.56,0.44"
"730.0,0.0,0.0,1,0.55,0.45"
"735.0,1.0,0.0,0,0.56,0.44"
"750.0,1.0,0.0,0,0.51,0.49"
"753.0,0.0,0.0,1,0.61,0.39"
"755.0,0.0,1.0,0,0.48,0.52"
"758.0,0.0,0.0,1,0.6,0.4"
"762.0,0.0,0.0,1,0.51,0.49"
"765.0,0.0,0.0,1,0.54,0.46"
"772.0,0.0,0.0,1,0.53,0.47"
"773.0,0.0,0.0,1,0.52,0.48"
"774.0,0.0,1.0,0,0.49,0.51"
"775.0,0.0,1.0,0,0.49,0.51"
"776.0,0.0,1.0,0,0.35,0.65"
"786.0,0.0,0.0,1,0.56,0.44"
"788.0,0.0,1.0,0,0.39,0.61"
"793.0,0.0,1.0,0,0.45,0.55"
"803.0,0.0,0.0,1,0.54,0.46"
"807.0,0.0,1.0,0,0.46,0.54"
"808.0,1.0,0.0,0,0.62,0.38"
"809.0,0.0,0.0,1,0.57,0.43"
"810.0,0.0,1.0,0,0.43,0.57"
"811.0,0.0,1.0,0,0.49,0.51"
"815.0,0.0,0.0,1,0.58,0.42"
"823.0,1.0,0.0,0,0.59,0.41"
"838.0,0.0,0.0,1,0.6,0.4"
"844.0,0.0,0.0,1,0.54,0.46"
"846.0,1.0,0.0,0,0.51,0.49"
"852.0,0.0,1.0,0,0.43,0.57"
"853.0,0.0,0.0,1,0.55,0.45"
"855.0,0.0,0.0,1,0.58,0.42"
"860.0,0.0,0.0,1,0.52,0.48"
"861.0,1.0,1.0,1,0.47,0.53"
"870.0,0.0,1.0,0,0.39,0.61"
"871.0,0.0,1.0,0,0.49,0.51"
"873.0,0.0,0.0,1,0.51,0.49"
"876.0,0.0,0.0,1,0.51,0.49"
"882.0,1.0,0.0,0,0.52,0.48"
"883.0,0.0,0.0,1,0.58,0.42"
"901.0,0.0,1.0,0,0.45,0.55"
"905.0,0.0,0.0,1,0.55,0.45"
"906.0,0.0,0.0,1,0.5,0.5"
"915.0,0.0,0.0,1,0.52,0.48"
"917.0,0.0,0.0,1,0.5,0.5"
"919.0,0.0,1.0,0,0.47,0.53"
"923.0,0.0,1.0,0,0.47,0.53"
"924.0,0.0,0.0,1,0.54,0.46"
"925.0,0.0,0.0,1,0.55,0.45"
"927.0,0.0,1.0,0,0.46,0.54"
"928.0,0.0,0.0,1,0.52,0.48"
"929.0,0.0,0.0,1,0.52,0.48"
"933.0,0.0,1.0,0,0.48,0.52"
"934.0,1.0,1.0,1,0.49,0.51"
"937.0,0.0,0.0,1,0.57,0.43"
"939.0,1.0,0.0,0,0.55,0.45"
"940.0,1.0,0.0,0,0.5,0.5"
"942.0,0.0,0.0,1,0.5,0.5"
"947.0,0.0,0.0,1,0.59,0.41"
"949.0,1.0,1.0,1,0.49,0.51"
"951.0,0.0,1.0,0,0.5,0.5"
"952.0,0.0,0.0,1,0.52,0.48"
"959.0,0.0,0.0,1,0.6,0.4"
"961.0,0.0,1.0,0,0.33,0.67"
"962.0,0.0,0.0,1,0.53,0.47"
"963.0,0.0,0.0,1,0.53,0.47"
"965.0,0.0,1.0,0,0.41,0.59"
"976.0,0.0,1.0,0,0.46,0.54"
"980.0,0.0,1.0,0,0.5,0.5"
"985.0,0.0,0.0,1,0.55,0.45"
"990.0,0.0,1.0,0,0.42,0.58"
"998.0,0.0,0.0,1,0.58,0.42"
"1005.0,0.0,1.0,0,0.49,0.51"
"1006.0,0.0,1.0,0,0.44,0.56"
"1008.0,0.0,0.0,1,0.55,0.45"
"1010.0,1.0,0.0,0,0.54,0.46"
"1015.0,0.0,1.0,0,0.25,0.75"
"1017.0,1.0,0.0,0,0.64,0.36"
"1021.0,1.0,1.0,1,0.45,0.55"
"1022.0,0.0,1.0,0,0.21,0.79"
"1030.0,0.0,0.0,1,0.65,0.35"
"1036.0,0.0,1.0,0,0.48,0.52"
"1042.0,0.0,0.0,1,0.6,0.4"
"1045.0,0.0,0.0,1,0.61,0.39"
"1048.0,0.0,0.0,1,0.56,0.44"
"1052.0,0.0,0.0,1,0.58,0.42"
"1059.0,1.0,1.0,1,0.35,0.65"
"1061.0,0.0,1.0,0,0.45,0.55"
"1063.0,0.0,1.0,0,0.44,0.56"
"1066.0,0.0,0.0,1,0.61,0.39"
"1070.0,0.0,1.0,0,0.49,0.51"
"1071.0,0.0,0.0,1,0.54,0.46"
"1072.0,1.0,0.0,0,0.55,0.45"
"1074.0,0.0,1.0,0,0.45,0.55"
"1082.0,1.0,0.0,0,0.57,0.43"
"1090.0,0.0,1.0,0,0.46,0.54"
"1099.0,0.0,0.0,1,0.55,0.45"
"1100.0,0.0,0.0,1,0.55,0.45"
"1104.0,0.0,0.0,1,0.58,0.42"
"1106.0,1.0,1.0,1,0.45,0.55"
"1108.0,0.0,0.0,1,0.54,0.46"
"1114.0,0.0,0.0,1,0.59,0.41"
"1115.0,0.0,0.0,1,0.8,0.2"
"1117.0,0.0,1.0,0,0.47,0.53"
"1119.0,1.0,0.0,0,0.54,0.46"
"1122.0,0.0,1.0,0,0.49,0.51"
"1126.0,1.0,0.0,0,0.55,0.45"
"1128.0,1.0,0.0,0,0.84,0.16"
"1129.0,0.0,0.0,1,0.56,0.44"
"1148.0,0.0,0.0,1,0.5,0.5"
"1151.0,1.0,0.0,0,0.62,0.38"
"1154.0,1.0,1.0,1,0.49,0.51"
"1158.0,0.0,1.0,0,0.44,0.56"
"1169.0,0.0,0.0,1,0.51,0.49"
"1174.0,0.0,0.0,1,0.54,0.46"
"1176.0,0.0,1.0,0,0.5,0.5"
"1181.0,0.0,0.0,1,0.57,0.43"
"1186.0,0.0,0.0,1,0.58,0.42"
"1188.0,0.0,1.0,0,0.46,0.54"
"1189.0,1.0,0.0,0,0.55,0.45"
"1192.0,1.0,0.0,0,0.58,0.42"
"1195.0,0.0,0.0,1,0.53,0.47"
"1196.0,1.0,1.0,1,0.49,0.51"
"1200.0,0.0,0.0,1,0.57,0.43"
"1201.0,0.0,0.0,1,0.71,0.29"
"1202.0,0.0,0.0,1,0.6,0.4"
"1203.0,0.0,0.0,1,0.56,0.44"
"1205.0,0.0,0.0,1,0.53,0.47"
"1208.0,0.0,0.0,1,0.63,0.37"
"1212.0,1.0,0.0,0,0.52,0.48"
"1218.0,0.0,0.0,1,0.56,0.44"
"1221.0,0.0,0.0,1,0.54,0.46"
"1225.0,0.0,0.0,1,0.54,0.46"
"1226.0,0.0,1.0,0,0.42,0.58"
"1233.0,1.0,1.0,1,0.44,0.56"
"1235.0,0.0,0.0,1,0.53,0.47"
"1237.0,0.0,0.0,1,0.52,0.48"
"1238.0,0.0,0.0,1,0.6,0.4"
"1244.0,0.0,1.0,0,0.44,0.56"
"1247.0,0.0,0.0,1,0.53,0.47"
"1262.0,1.0,0.0,0,0.52,0.48"
"1263.0,0.0,1.0,0,0.27,0.73"
"1268.0,0.0,1.0,0,0.49,0.51"
"1276.0,0.0,0.0,1,0.56,0.44"
"1277.0,1.0,1.0,1,0.4,0.6"
"1293.0,1.0,0.0,0,0.51,0.49"
"1296.0,0.0,1.0,0,0.49,0.51"
"1302.0,0.0,0.0,1,0.53,0.47"
"1303.0,0.0,1.0,0,0.47,0.53"
"1304.0,0.0,1.0,0,0.48,0.52"
"1306.0,0.0,1.0,0,0.49,0.51"
"1307.0,0.0,1.0,0,0.46,0.54"
"1315.0,0.0,0.0,1,0.59,0.41"
"1319.0,0.0,1.0,0,0.46,0.54"
"1332.0,1.0,1.0,1,0.41,0.59"
"1334.0,0.0,0.0,1,0.58,0.42"
"1335.0,0.0,1.0,0,0.48,0.52"
"1340.0,0.0,1.0,0,0.45,0.55"
"1341.0,0.0,0.0,1,0.56,0.44"
"1342.0,0.0,0.0,1,0.57,0.43"
"1344.0,1.0,1.0,1,0.49,0.51"
"1349.0,0.0,0.0,1,0.56,0.44"
"1350.0,0.0,0.0,1,0.57,0.43"
"1351.0,0.0,0.0,1,0.52,0.48"
"1354.0,0.0,0.0,1,0.5,0.5"
"1358.0,1.0,0.0,0,0.57,0.43"
"1361.0,1.0,0.0,0,0.6,0.4"
"1363.0,0.0,1.0,0,0.47,0.53"
"1370.0,0.0,0.0,1,0.51,0.49"
"1376.0,0.0,1.0,0,0.44,0.56"
"1379.0,0.0,1.0,0,0.47,0.53"
"1384.0,0.0,0.0,1,0.51,0.49"
"1386.0,0.0,0.0,1,0.63,0.37"
"1387.0,0.0,1.0,0,0.45,0.55"
"1390.0,1.0,1.0,1,0.49,0.51"
"1391.0,0.0,0.0,1,0.56,0.44"
"1398.0,0.0,0.0,1,0.53,0.47"
"1401.0,0.0,1.0,0,0.42,0.58"
"1403.0,0.0,0.0,1,0.53,0.47"
"1408.0,0.0,0.0,1,0.54,0.46"
"1416.0,0.0,1.0,0,0.5,0.5"
"1417.0,0.0,0.0,1,0.62,0.38"
"1420.0,1.0,1.0,1,0.45,0.55"
"1422.0,0.0,0.0,1,0.59,0.41"
"1423.0,0.0,0.0,1,0.52,0.48"
"1431.0,1.0,1.0,1,0.46,0.54"
"1434.0,0.0,1.0,0,0.44,0.56"
"1436.0,0.0,1.0,0,0.42,0.58"
"1446.0,1.0,1.0,1,0.47,0.53"
"1449.0,0.0,1.0,0,0.36,0.64"
"1450.0,0.0,0.0,1,0.51,0.49"
"1452.0,0.0,1.0,0,0.45,0.55"
"1453.0,0.0,0.0,1,0.62,0.38"
"1456.0,0.0,0.0,1,0.54,0.46"
"1461.0,0.0,1.0,0,0.46,0.54"
"1472.0,0.0,1.0,0,0.46,0.54"
"1474.0,1.0,0.0,0,0.57,0.43"
"1479.0,0.0,1.0,0,0.45,0.55"
"1480.0,0.0,0.0,1,0.53,0.47"
"1484.0,1.0,1.0,1,0.44,0.56"
"1489.0,0.0,0.0,1,0.55,0.45"
"1491.0,0.0,1.0,0,0.44,0.56"
"1492.0,0.0,1.0,0,0.38,0.62"
"1493.0,0.0,0.0,1,0.57,0.43"
"1497.0,0.0,0.0,1,0.58,0.42"
"1501.0,0.0,0.0,1,0.51,0.49"
"1507.0,0.0,0.0,1,0.51,0.49"
"1511.0,1.0,1.0,1,0.48,0.52"
"1514.0,0.0,0.0,1,0.55,0.45"
"1519.0,0.0,0.0,1,0.53,0.47"
"1529.0,0.0,0.0,1,0.58,0.42"
"1531.0,0.0,0.0,1,0.56,0.44"
"1536.0,0.0,0.0,1,0.5,0.5"
"1537.0,0.0,1.0,0,0.49,0.51"
"1538.0,0.0,0.0,1,0.57,0.43"
"1542.0,0.0,1.0,0,0.45,0.55"
"1543.0,0.0,0.0,1,0.56,0.44"
"1545.0,0.0,1.0,0,0.48,0.52"
"1551.0,0.0,0.0,1,0.55,0.45"
"1552.0,0.0,1.0,0,0.37,0.63"
"1558.0,1.0,0.0,0,0.54,0.46"
"1560.0,0.0,0.0,1,0.53,0.47"
"1561.0,0.0,0.0,1,0.72,0.28"
"1568.0,0.0,1.0,0,0.5,0.5"
"1574.0,0.0,0.0,1,0.5,0.5"
"1581.0,1.0,1.0,1,0.45,0.55"
"1582.0,0.0,0.0,1,0.54,0.46"
"1585.0,0.0,0.0,1,0.58,0.42"
"1587.0,0.0,1.0,0,0.47,0.53"
"1589.0,1.0,0.0,0,0.52,0.48"
"1590.0,1.0,0.0,0,0.55,0.45"
"1599.0,0.0,0.0,1,0.58,0.42"
"1606.0,1.0,0.0,0,0.5,0.5"
"1607.0,0.0,0.0,1,0.61,0.39"
"1611.0,0.0,1.0,0,0.49,0.51"
"1613.0,0.0,0.0,1,0.63,0.37"
"1617.0,0.0,1.0,0,0.43,0.57"
"1618.0,0.0,1.0,0,0.47,0.53"
"1620.0,0.0,0.0,1,0.56,0.44"
"1622.0,0.0,1.0,0,0.46,0.54"
"1626.0,0.0,0.0,1,0.55,0.45"
"1627.0,0.0,0.0,1,0.56,0.44"
"1628.0,0.0,1.0,0,0.37,0.63"
"1629.0,0.0,1.0,0,0.39,0.61"
"1631.0,0.0,1.0,0,0.5,0.5"
"1632.0,0.0,1.0,0,0.38,0.62"
"1643.0,0.0,1.0,0,0.48,0.52"
"1646.0,0.0,0.0,1,0.56,0.44"
"1648.0,0.0,1.0,0,0.46,0.54"
"1652.0,0.0,1.0,0,0.46,0.54"
"1654.0,0.0,1.0,0,0.48,0.52"
"1657.0,0.0,0.0,1,0.52,0.48"
"1661.0,0.0,1.0,0,0.41,0.59"
"1662.0,0.0,1.0,0,0.42,0.58"
"1663.0,0.0,0.0,1,0.55,0.45"
"1666.0,0.0,0.0,1,0.6,0.4"
"1671.0,0.0,1.0,0,0.41,0.59"
"1676.0,0.0,1.0,0,0.49,0.51"
"1677.0,0.0,0.0,1,0.55,0.45"
"1681.0,0.0,1.0,0,0.43,0.57"
"1683.0,0.0,0.0,1,0.6,0.4"
"1684.0,0.0,0.0,1,0.59,0.41"
"1688.0,0.0,1.0,0,0.31,0.69"
"1689.0,0.0,1.0,0,0.45,0.55"
"1690.0,1.0,0.0,0,0.55,0.45"
"1691.0,0.0,0.0,1,0.54,0.46"
"1695.0,0.0,0.0,1,0.57,0.43"
"1699.0,1.0,0.0,0,0.5,0.5"
"1701.0,0.0,0.0,1,0.55,0.45"
"1703.0,0.0,0.0,1,0.56,0.44"
"1704.0,0.0,0.0,1,0.51,0.49"
"1706.0,0.0,1.0,0,0.42,0.58"
"1707.0,0.0,0.0,1,0.55,0.45"
"1709.0,0.0,0.0,1,0.58,0.42"
"1710.0,1.0,1.0,1,0.45,0.55"
"1711.0,0.0,1.0,0,0.44,0.56"
"1713.0,0.0,0.0,1,0.58,0.42"
"1718.0,0.0,1.0,0,0.35,0.65"
"1720.0,0.0,0.0,1,0.52,0.48"
"1722.0,0.0,0.0,1,0.52,0.48"
"1723.0,0.0,0.0,1,0.67,0.33"
"1725.0,1.0,0.0,0,0.53,0.47"
"1731.0,0.0,0.0,1,0.58,0.42"
"1740.0,0.0,0.0,1,0.55,0.45"
"1743.0,1.0,1.0,1,0.37,0.63"
"1745.0,0.0,0.0,1,0.54,0.46"
"1748.0,0.0,1.0,0,0.48,0.52"
"1751.0,0.0,0.0,1,0.57,0.43"
"1753.0,0.0,1.0,0,0.5,0.5"
"1754.0,1.0,1.0,1,0.48,0.52"
"1757.0,1.0,1.0,1,0.41,0.59"
"1758.0,1.0,0.0,0,0.52,0.48"
"1764.0,0.0,1.0,0,0.49,0.51"
"1765.0,0.0,1.0,0,0.49,0.51"
"1767.0,0.0,1.0,0,0.42,0.58"
"1769.0,0.0,0.0,1,0.58,0.42"
"1771.0,0.0,0.0,1,0.52,0.48"
"1772.0,0.0,1.0,0,0.22,0.78"
"1775.0,1.0,1.0,1,0.47,0.53"
"1776.0,0.0,0.0,1,0.53,0.47"
"1779.0,0.0,0.0,1,0.57,0.43"
"1780.0,0.0,0.0,1,0.58,0.42"
"1781.0,0.0,0.0,1,0.57,0.43"
"1783.0,0.0,0.0,1,0.54,0.46"
"1785.0,1.0,0.0,0,0.58,0.42"
"1788.0,0.0,0.0,1,0.52,0.48"
"1794.0,0.0,1.0,0,0.49,0.51"
"1798.0,0.0,1.0,0,0.46,0.54"
"1800.0,0.0,1.0,0,0.4,0.6"
"1803.0,0.0,0.0,1,0.62,0.38"
"1804.0,1.0,1.0,1,0.35,0.65"
"1807.0,0.0,0.0,1,0.57,0.43"
"1808.0,0.0,0.0,1,0.54,0.46"
"1812.0,1.0,1.0,1,0.4,0.6"
"1819.0,1.0,0.0,0,0.75,0.25"
"1823.0,0.0,1.0,0,0.5,0.5"
"1824.0,0.0,0.0,1,0.55,0.45"
"1828.0,0.0,0.0,1,0.57,0.43"
"1829.0,0.0,0.0,1,0.57,0.43"
"1832.0,0.0,0.0,1,0.56,0.44"
"1836.0,1.0,1.0,1,0.43,0.57"
"1838.0,1.0,1.0,1,0.43,0.57"
"1839.0,1.0,0.0,0,0.53,0.47"
"1844.0,0.0,0.0,1,0.54,0.46"
"1847.0,0.0,1.0,0,0.47,0.53"
"1849.0,0.0,0.0,1,0.58,0.42"
"1850.0,0.0,1.0,0,0.45,0.55"
"1854.0,0.0,0.0,1,0.52,0.48"
"1856.0,0.0,0.0,1,0.56,0.44"
"1861.0,0.0,0.0,1,0.6,0.4"
"1865.0,0.0,0.0,1,0.53,0.47"
"1876.0,0.0,1.0,0,0.45,0.55"
"1879.0,0.0,0.0,1,0.58,0.42"
"1884.0,0.0,0.0,1,0.52,0.48"
"1885.0,1.0,0.0,0,0.57,0.43"
"1888.0,0.0,0.0,1,0.54,0.46"
"1890.0,0.0,1.0,0,0.45,0.55"
"1891.0,0.0,1.0,0,0.31,0.69"
"1892.0,1.0,0.0,0,0.6,0.4"
"1893.0,0.0,0.0,1,0.56,0.44"
"1900.0,0.0,0.0,1,0.58,0.42"
"1902.0,1.0,1.0,1,0.38,0.62"
"1913.0,1.0,1.0,1,0.5,0.5"
"1919.0,0.0,1.0,0,0.43,0.57"
"1921.0,0.0,0.0,1,0.54,0.46"
"1924.0,0.0,0.0,1,0.53,0.47"
"1932.0,0.0,0.0,1,0.5,0.5"
"1933.0,0.0,1.0,0,0.42,0.58"
"1936.0,0.0,1.0,0,0.39,0.61"
"1938.0,0.0,1.0,0,0.35,0.65"
"1940.0,0.0,0.0,1,0.56,0.44"
"1942.0,0.0,0.0,1,0.57,0.43"
"1943.0,0.0,0.0,1,0.52,0.48"
"1949.0,0.0,1.0,0,0.48,0.52"
"1951.0,0.0,1.0,0,0.35,0.65"
"1952.0,0.0,0.0,1,0.53,0.47"
"1957.0,0.0,0.0,1,0.56,0.44"
"1959.0,0.0,0.0,1,0.55,0.45"
"1960.0,0.0,1.0,0,0.45,0.55"
"1961.0,1.0,1.0,1,0.49,0.51"
"1964.0,1.0,1.0,1,0.29,0.71"
"1966.0,0.0,0.0,1,0.6,0.4"
"1968.0,0.0,0.0,1,0.51,0.49"
"1970.0,0.0,1.0,0,0.45,0.55"
"1972.0,0.0,1.0,0,0.5,0.5"
"1974.0,0.0,0.0,1,0.58,0.42"
"1977.0,0.0,0.0,1,0.54,0.46"
"1979.0,0.0,0.0,1,0.52,0.48"
"1980.0,0.0,0.0,1,0.51,0.49"
"1982.0,1.0,0.0,0,0.5,0.5"
"1985.0,0.0,1.0,0,0.37,0.63"
"1992.0,0.0,1.0,0,0.5,0.5"
"1995.0,1.0,1.0,1,0.45,0.55"
"1997.0,0.0,0.0,1,0.59,0.41"
"2002.0,0.0,0.0,1,0.53,0.47"
"2009.0,0.0,0.0,1,0.57,0.43"
"2010.0,0.0,0.0,1,0.56,0.44"
"2011.0,0.0,0.0,1,0.55,0.45"
"2013.0,0.0,1.0,0,0.48,0.52"
"2016.0,0.0,0.0,1,0.57,0.43"
"2017.0,0.0,0.0,1,0.58,0.42"
"2020.0,0.0,0.0,1,0.54,0.46"
"2022.0,0.0,1.0,0,0.5,0.5"
"2023.0,0.0,0.0,1,0.52,0.48"
"2027.0,0.0,0.0,1,0.54,0.46"
"2028.0,0.0,0.0,1,0.52,0.48"
"2029.0,0.0,1.0,0,0.43,0.57"
"2030.0,1.0,1.0,1,0.46,0.54"
"2035.0,0.0,0.0,1,0.51,0.49"
"2036.0,0.0,0.0,1,0.51,0.49"
"2045.0,0.0,1.0,0,0.39,0.61"
"2046.0,0.0,0.0,1,0.57,0.43"
"2050.0,1.0,0.0,0,0.56,0.44"
"2051.0,0.0,0.0,1,0.54,0.46"
"2053.0,0.0,0.0,1,0.58,0.42"
"2056.0,0.0,0.0,1,0.59,0.41"
"2057.0,0.0,0.0,1,0.8,0.2"
"2066.0,0.0,0.0,1,0.56,0.44"
"2068.0,1.0,1.0,1,0.42,0.58"
"2077.0,0.0,1.0,0,0.37,0.63"
"2082.0,1.0,1.0,1,0.3,0.7"
"2084.0,0.0,0.0,1,0.53,0.47"
"2089.0,0.0,0.0,1,0.57,0.43"
"2094.0,0.0,0.0,1,0.57,0.43"
"2095.0,0.0,1.0,0,0.46,0.54"
"2096.0,0.0,1.0,0,0.49,0.51"
"2097.0,0.0,1.0,0,0.41,0.59"
"2099.0,0.0,0.0,1,0.54,0.46"
"2103.0,1.0,0.0,0,0.55,0.45"
"2105.0,0.0,0.0,1,0.5,0.5"
"2107.0,0.0,1.0,0,0.32,0.68"
"2112.0,0.0,0.0,1,0.55,0.45"
"2114.0,0.0,0.0,1,0.56,0.44"
"2117.0,0.0,1.0,0,0.49,0.51"
"2118.0,0.0,1.0,0,0.47,0.53"
"2126.0,0.0,0.0,1,0.51,0.49"
"2127.0,0.0,0.0,1,0.52,0.48"
"2128.0,1.0,0.0,0,0.56,0.44"
"2129.0,0.0,1.0,0,0.45,0.55"
"2130.0,0.0,0.0,1,0.54,0.46"
"2132.0,0.0,0.0,1,0.59,0.41"
"2135.0,0.0,1.0,0,0.4,0.6"
"2144.0,0.0,1.0,0,0.46,0.54"
"2147.0,0.0,0.0,1,0.52,0.48"
"2149.0,1.0,0.0,0,0.52,0.48"
"2151.0,1.0,0.0,0,0.51,0.49"
"2155.0,1.0,0.0,0,0.7,0.3"
"2156.0,1.0,1.0,1,0.48,0.52"
"2158.0,0.0,1.0,0,0.46,0.54"
"2160.0,1.0,0.0,0,0.56,0.44"
"2161.0,0.0,0.0,1,0.52,0.48"
"2162.0,0.0,0.0,1,0.51,0.49"
"2167.0,0.0,0.0,1,0.6,0.4"
"2171.0,1.0,1.0,1,0.45,0.55"
"2176.0,0.0,0.0,1,0.51,0.49"
"2178.0,0.0,1.0,0,0.5,0.5"
"2179.0,0.0,1.0,0,0.48,0.52"
"2181.0,0.0,0.0,1,0.56,0.44"
"2187.0,1.0,1.0,1,0.46,0.54"
"2189.0,0.0,0.0,1,0.6,0.4"
"2190.0,1.0,0.0,0,0.55,0.45"
"2191.0,0.0,0.0,1,0.57,0.43"
"2196.0,0.0,1.0,0,0.48,0.52"
"2198.0,0.0,1.0,0,0.46,0.54"
"2201.0,1.0,1.0,1,0.4,0.6"
"2207.0,0.0,0.0,1,0.5,0.5"
"2208.0,1.0,0.0,0,0.55,0.45"
"2209.0,1.0,0.0,0,0.58,0.42"
"2210.0,1.0,0.0,0,0.53,0.47"
"2215.0,0.0,1.0,0,0.49,0.51"
"2217.0,1.0,0.0,0,0.6,0.4"
"2222.0,0.0,0.0,1,0.58,0.42"
"2223.0,1.0,0.0,0,0.61,0.39"
"2229.0,0.0,0.0,1,0.55,0.45"
"2233.0,1.0,0.0,0,0.54,0.46"
"2235.0,0.0,0.0,1,0.54,0.46"
"2258.0,0.0,0.0,1,0.56,0.44"
"2259.0,0.0,0.0,1,0.57,0.43"
"2260.0,0.0,0.0,1,0.59,0.41"
"2262.0,0.0,0.0,1,0.53,0.47"
"2271.0,0.0,1.0,0,0.42,0.58"
"2272.0,0.0,1.0,0,0.45,0.55"
"2275.0,1.0,1.0,1,0.46,0.54"
"2282.0,1.0,0.0,0,0.51,0.49"
"2286.0,0.0,0.0,1,0.54,0.46"
"2287.0,0.0,0.0,1,0.58,0.42"
"2291.0,0.0,0.0,1,0.56,0.44"
"2294.0,0.0,1.0,0,0.45,0.55"
"2296.0,0.0,0.0,1,0.53,0.47"
"2297.0,1.0,1.0,1,0.41,0.59"
"2298.0,0.0,1.0,0,0.46,0.54"
"2300.0,0.0,1.0,0,0.31,0.69"
"2306.0,0.0,1.0,0,0.4,0.6"
"2307.0,0.0,0.0,1,0.55,0.45"
"2312.0,1.0,0.0,0,0.52,0.48"
"2315.0,0.0,1.0,0,0.35,0.65"
"2318.0,0.0,0.0,1,0.51,0.49"
"2319.0,0.0,0.0,1,0.52,0.48"
"2320.0,0.0,0.0,1,0.53,0.47"
"2329.0,0.0,1.0,0,0.48,0.52"
"2330.0,0.0,0.0,1,0.56,0.44"
"2338.0,0.0,1.0,0,0.38,0.62"
"2339.0,0.0,1.0,0,0.47,0.53"
"2347.0,1.0,0.0,0,0.55,0.45"
"2352.0,0.0,1.0,0,0.48,0.52"
"2358.0,0.0,1.0,0,0.43,0.57"
"2366.0,0.0,0.0,1,0.53,0.47"
"2377.0,0.0,0.0,1,0.54,0.46"
"2382.0,0.0,1.0,0,0.46,0.54"
"2386.0,0.0,1.0,0,0.45,0.55"
"2392.0,0.0,1.0,0,0.44,0.56"
"2393.0,0.0,0.0,1,0.52,0.48"
"2394.0,0.0,0.0,1,0.59,0.41"
"2396.0,0.0,0.0,1,0.51,0.49"
"2397.0,0.0,0.0,1,0.6,0.4"
"2404.0,0.0,1.0,0,0.49,0.51"
"2409.0,0.0,0.0,1,0.55,0.45"
"2412.0,1.0,1.0,1,0.43,0.57"
"2414.0,1.0,1.0,1,0.44,0.56"
"2417.0,0.0,0.0,1,0.56,0.44"
"2421.0,0.0,0.0,1,0.56,0.44"
"2422.0,0.0,0.0,1,0.53,0.47"
"2427.0,0.0,0.0,1,0.55,0.45"
"2428.0,0.0,0.0,1,0.56,0.44"
"2429.0,1.0,0.0,0,0.56,0.44"
"2436.0,0.0,0.0,1,0.57,0.43"
"2437.0,0.0,1.0,0,0.44,0.56"
"2448.0,0.0,0.0,1,0.56,0.44"
"2451.0,0.0,0.0,1,0.53,0.47"
"2452.0,0.0,0.0,1,0.56,0.44"
"2453.0,0.0,0.0,1,0.54,0.46"
"2455.0,1.0,0.0,0,0.55,0.45"
"2458.0,1.0,0.0,0,0.53,0.47"
"2459.0,0.0,0.0,1,0.5,0.5"
"2461.0,0.0,1.0,0,0.44,0.56"
"2466.0,0.0,0.0,1,0.59,0.41"
"2468.0,0.0,0.0,1,0.57,0.43"
"2474.0,0.0,1.0,0,0.49,0.51"
"2475.0,0.0,0.0,1,0.55,0.45"
"2482.0,0.0,0.0,1,0.59,0.41"
"2484.0,0.0,1.0,0,0.43,0.57"
"2485.0,1.0,1.0,1,0.48,0.52"
"2490.0,1.0,1.0,1,0.49,0.51"
"2494.0,0.0,1.0,0,0.49,0.51"
"2495.0,0.0,0.0,1,0.62,0.38"
"2498.0,0.0,1.0,0,0.47,0.53"
"2502.0,0.0,1.0,0,0.47,0.53"
"2505.0,0.0,1.0,0,0.47,0.53"
"2507.0,0.0,0.0,1,0.54,0.46"
"2508.0,0.0,0.0,1,0.56,0.44"
"2511.0,0.0,1.0,0,0.46,0.54"
"2512.0,1.0,1.0,1,0.42,0.58"
"2515.0,0.0,1.0,0,0.33,0.67"
"2519.0,1.0,1.0,1,0.44,0.56"
"2521.0,1.0,1.0,1,0.45,0.55"
"2527.0,1.0,1.0,1,0.44,0.56"
"2530.0,0.0,0.0,1,0.59,0.41"
"2533.0,0.0,0.0,1,0.56,0.44"
"2536.0,0.0,0.0,1,0.53,0.47"
"2542.0,0.0,0.0,1,0.56,0.44"
"2545.0,1.0,1.0,1,0.49,0.51"
"2546.0,0.0,0.0,1,0.53,0.47"
"2550.0,0.0,0.0,1,0.53,0.47"
"2556.0,1.0,0.0,0,0.52,0.48"
"2559.0,0.0,1.0,0,0.42,0.58"
"2570.0,0.0,0.0,1,0.58,0.42"
"2575.0,0.0,1.0,0,0.44,0.56"
"2586.0,0.0,1.0,0,0.42,0.58"
"2591.0,1.0,0.0,0,0.51,0.49"
"2593.0,1.0,0.0,0,0.55,0.45"
"2596.0,0.0,1.0,0,0.5,0.5"
"2598.0,0.0,0.0,1,0.54,0.46"
"2599.0,0.0,0.0,1,0.67,0.33"
"2604.0,1.0,0.0,0,0.54,0.46"
"2607.0,1.0,1.0,1,0.46,0.54"
"2608.0,0.0,0.0,1,0.56,0.44"
"2611.0,0.0,1.0,0,0.43,0.57"
"2612.0,0.0,1.0,0,0.47,0.53"
"2618.0,0.0,0.0,1,0.56,0.44"
"2623.0,0.0,1.0,0,0.5,0.5"
"2624.0,0.0,1.0,0,0.49,0.51"
"2627.0,1.0,0.0,0,0.55,0.45"
"2629.0,0.0,0.0,1,0.55,0.45"
"2631.0,0.0,0.0,1,0.55,0.45"
"2641.0,1.0,0.0,0,0.52,0.48"
"2644.0,0.0,0.0,1,0.52,0.48"
"2645.0,1.0,0.0,0,0.55,0.45"
"2646.0,0.0,0.0,1,0.55,0.45"
"2647.0,0.0,0.0,1,0.55,0.45"
"2651.0,0.0,1.0,0,0.45,0.55"
"2653.0,0.0,1.0,0,0.45,0.55"
"2655.0,1.0,1.0,1,0.47,0.53"
"2658.0,0.0,0.0,1,0.54,0.46"
"2660.0,0.0,0.0,1,0.57,0.43"
"2667.0,1.0,1.0,1,0.47,0.53"
"2674.0,0.0,1.0,0,0.45,0.55"
"2678.0,1.0,0.0,0,0.53,0.47"
"2680.0,0.0,0.0,1,0.54,0.46"
"2682.0,0.0,0.0,1,0.54,0.46"
"2686.0,0.0,0.0,1,0.55,0.45"
"2687.0,0.0,0.0,1,0.55,0.45"
"2688.0,0.0,1.0,0,0.44,0.56"
"2696.0,0.0,1.0,0,0.47,0.53"
"2701.0,0.0,0.0,1,0.6,0.4"
"2702.0,1.0,1.0,1,0.48,0.52"
"2706.0,0.0,0.0,1,0.55,0.45"
"2715.0,0.0,0.0,1,0.54,0.46"
"2718.0,0.0,0.0,1,0.62,0.38"
"2723.0,1.0,1.0,1,0.44,0.56"
"2727.0,1.0,1.0,1,0.49,0.51"
"2735.0,1.0,1.0,1,0.44,0.56"
"2745.0,0.0,1.0,0,0.48,0.52"
"2748.0,0.0,1.0,0,0.38,0.62"
"2750.0,0.0,1.0,0,0.39,0.61"
"2756.0,0.0,0.0,1,0.56,0.44"
"2757.0,0.0,0.0,1,0.55,0.45"
"2761.0,0.0,0.0,1,0.54,0.46"
"2762.0,0.0,1.0,0,0.49,0.51"
"2764.0,0.0,1.0,0,0.49,0.51"
"2765.0,1.0,1.0,1,0.45,0.55"
"2772.0,0.0,0.0,1,0.54,0.46"
"2778.0,0.0,1.0,0,0.42,0.58"
"2779.0,0.0,0.0,1,0.54,0.46"
"2780.0,1.0,0.0,0,0.51,0.49"
"2790.0,0.0,1.0,0,0.45,0.55"
"2794.0,0.0,1.0,0,0.43,0.57"
"2795.0,1.0,0.0,0,0.54,0.46"
"2799.0,0.0,1.0,0,0.48,0.52"
"2800.0,1.0,1.0,1,0.44,0.56"
"2801.0,0.0,1.0,0,0.49,0.51"
"2808.0,0.0,1.0,0,0.42,0.58"
"2810.0,0.0,0.0,1,0.56,0.44"
"2812.0,0.0,1.0,0,0.27,0.73"
"2813.0,0.0,0.0,1,0.58,0.42"
"2815.0,0.0,1.0,0,0.46,0.54"
"2816.0,1.0,1.0,1,0.33,0.67"
"2819.0,0.0,0.0,1,0.55,0.45"
"2820.0,1.0,1.0,1,0.47,0.53"
"2822.0,0.0,1.0,0,0.47,0.53"
"2823.0,0.0,0.0,1,0.51,0.49"
"2824.0,1.0,0.0,0,0.55,0.45"
"2829.0,0.0,0.0,1,0.52,0.48"
"2831.0,0.0,0.0,1,0.5,0.5"
"2832.0,0.0,0.0,1,0.61,0.39"
"2834.0,1.0,0.0,0,0.59,0.41"
"2837.0,0.0,1.0,0,0.47,0.53"
"2842.0,0.0,1.0,0,0.46,0.54"
"2847.0,1.0,1.0,1,0.48,0.52"
"2851.0,0.0,0.0,1,0.56,0.44"
"2852.0,0.0,1.0,0,0.47,0.53"
"2855.0,0.0,1.0,0,0.5,0.5"
"2856.0,0.0,0.0,1,0.54,0.46"
"2858.0,0.0,0.0,1,0.56,0.44"
"2859.0,0.0,0.0,1,0.58,0.42"
"2868.0,1.0,1.0,1,0.34,0.66"
"2877.0,0.0,1.0,0,0.5,0.5"
"2878.0,0.0,0.0,1,0.56,0.44"
"2880.0,0.0,0.0,1,0.54,0.46"
"2883.0,0.0,1.0,0,0.35,0.65"
"2886.0,0.0,1.0,0,0.46,0.54"
"2887.0,0.0,1.0,0,0.45,0.55"
"2891.0,0.0,1.0,0,0.46,0.54"
"2892.0,0.0,0.0,1,0.53,0.47"
"2902.0,0.0,0.0,1,0.57,0.43"
"2905.0,0.0,1.0,0,0.45,0.55"
"2906.0,0.0,0.0,1,0.55,0.45"
"2908.0,0.0,1.0,0,0.28,0.72"
"2909.0,1.0,1.0,1,0.48,0.52"
"2910.0,1.0,0.0,0,0.54,0.46"
"2916.0,0.0,0.0,1,0.63,0.37"
"2924.0,0.0,1.0,0,0.43,0.57"
"2927.0,0.0,1.0,0,0.41,0.59"
"2933.0,0.0,0.0,1,0.51,0.49"
"2935.0,0.0,1.0,0,0.43,0.57"
"2940.0,1.0,0.0,0,0.56,0.44"
"2950.0,1.0,0.0,0,0.55,0.45"
"2972.0,0.0,0.0,1,0.5,0.5"
"2973.0,1.0,0.0,0,0.54,0.46"
"2974.0,1.0,1.0,1,0.49,0.51"
"2975.0,0.0,0.0,1,0.56,0.44"
"2981.0,0.0,0.0,1,0.54,0.46"
"2986.0,0.0,1.0,0,0.35,0.65"
"2992.0,1.0,1.0,1,0.43,0.57"
"2995.0,0.0,0.0,1,0.55,0.45"
"2997.0,0.0,1.0,0,0.41,0.59"
"3000.0,0.0,0.0,1,0.54,0.46"
"3001.0,0.0,0.0,1,0.56,0.44"
"3003.0,0.0,1.0,0,0.48,0.52"
"3004.0,0.0,0.0,1,0.52,0.48"
"3007.0,1.0,0.0,0,0.55,0.45"
"3023.0,0.0,1.0,0,0.46,0.54"
"3024.0,0.0,1.0,0,0.42,0.58"
"3026.0,0.0,0.0,1,0.58,0.42"
"3027.0,0.0,1.0,0,0.37,0.63"
"3031.0,1.0,1.0,1,0.42,0.58"
"3033.0,1.0,1.0,1,0.43,0.57"
"3034.0,1.0,0.0,0,0.54,0.46"
"3038.0,1.0,1.0,1,0.5,0.5"
"3039.0,0.0,0.0,1,0.53,0.47"
"3047.0,0.0,0.0,1,0.52,0.48"
"3055.0,0.0,1.0,0,0.44,0.56"
"3063.0,0.0,0.0,1,0.63,0.37"
"3064.0,0.0,0.0,1,0.53,0.47"
"3068.0,1.0,1.0,1,0.43,0.57"
"3069.0,0.0,0.0,1,0.53,0.47"
"3070.0,0.0,0.0,1,0.51,0.49"
"3071.0,0.0,1.0,0,0.45,0.55"
"3074.0,0.0,0.0,1,0.62,0.38"
"3080.0,0.0,1.0,0,0.47,0.53"
"3081.0,0.0,1.0,0,0.44,0.56"
"3085.0,0.0,0.0,1,0.53,0.47"
"3086.0,0.0,0.0,1,0.56,0.44"
"3094.0,0.0,0.0,1,0.55,0.45"
"3099.0,0.0,0.0,1,0.54,0.46"
"3101.0,1.0,1.0,1,0.45,0.55"
"3103.0,0.0,0.0,1,0.55,0.45"
"3104.0,0.0,0.0,1,0.62,0.38"
"3109.0,1.0,0.0,0,0.57,0.43"
"3120.0,0.0,1.0,0,0.46,0.54"
"3128.0,1.0,0.0,0,0.5,0.5"
"3131.0,1.0,1.0,1,0.41,0.59"
"3132.0,0.0,0.0,1,0.57,0.43"
"3133.0,0.0,0.0,1,0.64,0.36"
"3135.0,0.0,1.0,0,0.44,0.56"
"3138.0,0.0,0.0,1,0.56,0.44"
"3140.0,0.0,1.0,0,0.43,0.57"
"3141.0,0.0,0.0,1,0.54,0.46"
"3147.0,0.0,0.0,1,0.54,0.46"
"3149.0,0.0,1.0,0,0.45,0.55"
"3150.0,0.0,1.0,0,0.41,0.59"
"3151.0,0.0,0.0,1,0.5,0.5"
"3153.0,0.0,1.0,0,0.49,0.51"
"3155.0,0.0,0.0,1,0.55,0.45"
"3158.0,1.0,0.0,0,0.5,0.5"
"3159.0,0.0,0.0,1,0.51,0.49"
"3166.0,0.0,0.0,1,0.52,0.48"
"3170.0,0.0,0.0,1,0.55,0.45"
"3172.0,0.0,1.0,0,0.5,0.5"
"3173.0,0.0,1.0,0,0.49,0.51"
"3174.0,0.0,0.0,1,0.54,0.46"
"3175.0,1.0,1.0,1,0.32,0.68"
"3179.0,1.0,0.0,0,0.52,0.48"
"3185.0,1.0,1.0,1,0.47,0.53"
"3189.0,1.0,0.0,0,0.54,0.46"
"3193.0,0.0,0.0,1,0.55,0.45"
"3200.0,1.0,0.0,0,0.57,0.43"
"3203.0,0.0,1.0,0,0.49,0.51"
"3204.0,0.0,1.0,0,0.44,0.56"
"3224.0,0.0,0.0,1,0.56,0.44"
"3226.0,1.0,0.0,0,0.64,0.36"
"3227.0,0.0,0.0,1,0.5,0.5"
"3231.0,1.0,1.0,1,0.44,0.56"
"3232.0,0.0,0.0,1,0.53,0.47"
"3234.0,0.0,0.0,1,0.55,0.45"
"3237.0,0.0,0.0,1,0.53,0.47"
"3239.0,0.0,0.0,1,0.52,0.48"
"3241.0,0.0,0.0,1,0.52,0.48"
"3243.0,0.0,0.0,1,0.56,0.44"
"3246.0,0.0,0.0,1,0.6,0.4"
"3250.0,0.0,0.0,1,0.56,0.44"
"3252.0,0.0,0.0,1,0.59,0.41"
"3261.0,1.0,1.0,1,0.49,0.51"
"3262.0,0.0,0.0,1,0.56,0.44"
"3264.0,0.0,1.0,0,0.46,0.54"
"3266.0,1.0,1.0,1,0.49,0.51"
"3267.0,0.0,0.0,1,0.6,0.4"
"3268.0,0.0,0.0,1,0.52,0.48"
"3271.0,1.0,1.0,1,0.48,0.52"
"3272.0,0.0,0.0,1,0.55,0.45"
"3277.0,0.0,0.0,1,0.51,0.49"
"3287.0,0.0,0.0,1,0.5,0.5"
"3288.0,1.0,0.0,0,0.5,0.5"
"3304.0,1.0,1.0,1,0.4,0.6"
"3309.0,0.0,0.0,1,0.61,0.39"
"3312.0,0.0,0.0,1,0.53,0.47"
"3315.0,0.0,0.0,1,0.54,0.46"
"3316.0,1.0,1.0,1,0.44,0.56"
"3320.0,0.0,0.0,1,0.57,0.43"
"3321.0,0.0,0.0,1,0.53,0.47"
"3325.0,0.0,1.0,0,0.47,0.53"
"3327.0,0.0,0.0,1,0.52,0.48"
"3330.0,0.0,0.0,1,0.59,0.41"
"3331.0,0.0,0.0,1,0.6,0.4"
"3332.0,1.0,1.0,1,0.43,0.57"
"3337.0,0.0,1.0,0,0.49,0.51"
"3339.0,0.0,0.0,1,0.6,0.4"
"3345.0,0.0,0.0,1,0.58,0.42"
"3347.0,0.0,0.0,1,0.58,0.42"
"3350.0,0.0,0.0,1,0.55,0.45"
"3353.0,0.0,0.0,1,0.55,0.45"
"3357.0,0.0,1.0,0,0.4,0.6"
"3358.0,0.0,0.0,1,0.53,0.47"
"3362.0,1.0,0.0,0,0.53,0.47"
"3368.0,0.0,0.0,1,0.57,0.43"
"3369.0,0.0,1.0,0,0.48,0.52"
"3370.0,0.0,1.0,0,0.49,0.51"
"3371.0,0.0,0.0,1,0.55,0.45"
"3373.0,0.0,1.0,0,0.42,0.58"
"3378.0,0.0,0.0,1,0.53,0.47"
"3385.0,0.0,0.0,1,0.55,0.45"
"3386.0,1.0,1.0,1,0.47,0.53"
"3389.0,0.0,0.0,1,0.55,0.45"
"3394.0,0.0,1.0,0,0.5,0.5"
"3395.0,0.0,1.0,0,0.46,0.54"
"3397.0,0.0,1.0,0,0.42,0.58"
"3400.0,0.0,1.0,0,0.43,0.57"
"3404.0,0.0,0.0,1,0.57,0.43"
"3407.0,1.0,1.0,1,0.49,0.51"
"3408.0,0.0,0.0,1,0.53,0.47"
"3413.0,0.0,0.0,1,0.53,0.47"
"3416.0,0.0,0.0,1,0.56,0.44"
"3418.0,0.0,1.0,0,0.45,0.55"
"3419.0,0.0,0.0,1,0.56,0.44"
"3421.0,0.0,0.0,1,0.6,0.4"
"3422.0,0.0,0.0,1,0.58,0.42"
"3426.0,0.0,0.0,1,0.55,0.45"
"3427.0,0.0,0.0,1,0.59,0.41"
"3430.0,0.0,1.0,0,0.48,0.52"
"3431.0,0.0,1.0,0,0.49,0.51"
"3432.0,0.0,1.0,0,0.5,0.5"
"3434.0,0.0,0.0,1,0.55,0.45"
"3435.0,0.0,1.0,0,0.45,0.55"
"3436.0,0.0,0.0,1,0.6,0.4"
"3439.0,0.0,0.0,1,0.51,0.49"
"3441.0,0.0,1.0,0,0.5,0.5"
"3442.0,0.0,0.0,1,0.54,0.46"
"3443.0,1.0,1.0,1,0.4,0.6"
"3444.0,0.0,0.0,1,0.53,0.47"
"3450.0,0.0,0.0,1,0.53,0.47"
"3461.0,0.0,0.0,1,0.56,0.44"
"3462.0,0.0,1.0,0,0.44,0.56"
"3464.0,0.0,1.0,0,0.38,0.62"
"3487.0,1.0,1.0,1,0.47,0.53"
"3494.0,0.0,1.0,0,0.44,0.56"
"3495.0,0.0,0.0,1,0.53,0.47"
"3498.0,0.0,0.0,1,0.59,0.41"
"3504.0,0.0,0.0,1,0.56,0.44"
"3507.0,0.0,0.0,1,0.54,0.46"
"3514.0,1.0,1.0,1,0.49,0.51"
"3519.0,0.0,0.0,1,0.56,0.44"
"3526.0,1.0,0.0,0,0.55,0.45"
"3527.0,0.0,0.0,1,0.55,0.45"
"3533.0,0.0,0.0,1,0.5,0.5"
"3534.0,0.0,1.0,0,0.47,0.53"
"3537.0,0.0,1.0,0,0.39,0.61"
"3541.0,0.0,0.0,1,0.57,0.43"
"3548.0,0.0,0.0,1,0.52,0.48"
"3552.0,1.0,1.0,1,0.49,0.51"
"3557.0,1.0,0.0,0,0.54,0.46"
"3559.0,0.0,0.0,1,0.56,0.44"
"3560.0,0.0,0.0,1,0.51,0.49"
"3566.0,0.0,0.0,1,0.57,0.43"
"3568.0,0.0,0.0,1,0.51,0.49"
"3573.0,1.0,1.0,1,0.42,0.58"
"3577.0,0.0,0.0,1,0.56,0.44"
"3578.0,1.0,0.0,0,0.51,0.49"
"3583.0,0.0,1.0,0,0.44,0.56"
"3584.0,0.0,1.0,0,0.47,0.53"
"3586.0,0.0,1.0,0,0.47,0.53"
"3587.0,0.0,0.0,1,0.56,0.44"
"3589.0,1.0,1.0,1,0.48,0.52"
"3591.0,0.0,0.0,1,0.56,0.44"
"3593.0,1.0,0.0,0,0.54,0.46"
"3599.0,0.0,1.0,0,0.38,0.62"
"3600.0,0.0,1.0,0,0.48,0.52"
"3601.0,1.0,0.0,0,0.53,0.47"
"3603.0,0.0,0.0,1,0.57,0.43"
"3604.0,0.0,0.0,1,0.56,0.44"
"3605.0,1.0,1.0,1,0.5,0.5"
"3607.0,0.0,0.0,1,0.53,0.47"
"3609.0,0.0,0.0,1,0.51,0.49"
"3613.0,0.0,1.0,0,0.48,0.52"
"3617.0,0.0,1.0,0,0.5,0.5"
"3618.0,0.0,1.0,0,0.35,0.65"
"3620.0,0.0,1.0,0,0.5,0.5"
"3623.0,0.0,0.0,1,0.5,0.5"
"3626.0,0.0,0.0,1,0.5,0.5"
"3633.0,0.0,1.0,0,0.29,0.71"
"3635.0,1.0,1.0,1,0.48,0.52"
"3637.0,0.0,1.0,0,0.5,0.5"
"3641.0,0.0,0.0,1,0.55,0.45"
"3645.0,0.0,0.0,1,0.6,0.4"
"3646.0,0.0,0.0,1,0.53,0.47"
"3655.0,1.0,1.0,1,0.43,0.57"
"3658.0,0.0,0.0,1,0.55,0.45"
"3660.0,0.0,1.0,0,0.47,0.53"
"3661.0,0.0,1.0,0,0.39,0.61"
"3662.0,0.0,0.0,1,0.52,0.48"
"3666.0,1.0,1.0,1,0.48,0.52"
"3674.0,0.0,0.0,1,0.57,0.43"
"3675.0,0.0,1.0,0,0.41,0.59"
"3677.0,0.0,0.0,1,0.53,0.47"
"3685.0,0.0,1.0,0,0.49,0.51"
"3686.0,0.0,0.0,1,0.57,0.43"
"3694.0,0.0,0.0,1,0.52,0.48"
"3697.0,1.0,1.0,1,0.43,0.57"
"3702.0,0.0,0.0,1,0.55,0.45"
"3703.0,0.0,1.0,0,0.46,0.54"
"3706.0,0.0,0.0,1,0.6,0.4"
"3708.0,1.0,1.0,1,0.48,0.52"
"3716.0,0.0,1.0,0,0.47,0.53"
"3724.0,0.0,1.0,0,0.43,0.57"
"3730.0,0.0,1.0,0,0.37,0.63"
"3732.0,0.0,1.0,0,0.47,0.53"
"3737.0,0.0,1.0,0,0.5,0.5"
"3746.0,0.0,1.0,0,0.48,0.52"
"3748.0,0.0,1.0,0,0.45,0.55"
"3753.0,0.0,1.0,0,0.42,0.58"
"3754.0,1.0,1.0,1,0.41,0.59"
"3755.0,0.0,0.0,1,0.53,0.47"
"3756.0,0.0,0.0,1,0.52,0.48"
"3760.0,0.0,1.0,0,0.29,0.71"
"3762.0,0.0,0.0,1,0.56,0.44"
"3763.0,0.0,1.0,0,0.5,0.5"
"3766.0,0.0,0.0,1,0.56,0.44"
"3768.0,0.0,0.0,1,0.58,0.42"
"3769.0,0.0,0.0,1,0.56,0.44"
"3774.0,0.0,0.0,1,0.54,0.46"
"3783.0,0.0,0.0,1,0.51,0.49"
"3797.0,1.0,1.0,1,0.4,0.6"
"3801.0,0.0,0.0,1,0.51,0.49"
"3802.0,0.0,0.0,1,0.55,0.45"
"3803.0,0.0,0.0,1,0.53,0.47"
"3804.0,0.0,0.0,1,0.58,0.42"
"3808.0,0.0,1.0,0,0.37,0.63"
"3809.0,0.0,1.0,0,0.43,0.57"
"3810.0,0.0,0.0,1,0.54,0.46"
"3817.0,0.0,0.0,1,0.57,0.43"
"3818.0,0.0,1.0,0,0.44,0.56"
"3820.0,1.0,0.0,0,0.53,0.47"
"3824.0,0.0,1.0,0,0.41,0.59"
"3826.0,1.0,1.0,1,0.46,0.54"
"3831.0,0.0,1.0,0,0.5,0.5"
"3832.0,0.0,0.0,1,0.55,0.45"
"3838.0,0.0,1.0,0,0.45,0.55"
"3845.0,0.0,0.0,1,0.53,0.47"
"3850.0,0.0,1.0,0,0.39,0.61"
"3851.0,0.0,0.0,1,0.55,0.45"
"3863.0,0.0,0.0,1,0.52,0.48"
"3865.0,0.0,0.0,1,0.53,0.47"
"3867.0,0.0,0.0,1,0.55,0.45"
"3871.0,1.0,1.0,1,0.49,0.51"
"3872.0,1.0,1.0,1,0.46,0.54"
"3874.0,0.0,1.0,0,0.36,0.64"
"3876.0,0.0,0.0,1,0.54,0.46"
"3878.0,0.0,1.0,0,0.43,0.57"
"3879.0,0.0,0.0,1,0.53,0.47"
"3888.0,0.0,1.0,0,0.36,0.64"
"3894.0,0.0,0.0,1,0.5,0.5"
"3896.0,1.0,0.0,0,0.5,0.5"
"3901.0,0.0,1.0,0,0.44,0.56"
"3903.0,1.0,0.0,0,0.52,0.48"
"3912.0,0.0,1.0,0,0.46,0.54"
"3918.0,0.0,0.0,1,0.54,0.46"
"3932.0,1.0,1.0,1,0.41,0.59"
"3933.0,0.0,0.0,1,0.57,0.43"
"3936.0,0.0,0.0,1,0.6,0.4"
"3940.0,1.0,0.0,0,0.52,0.48"
"3944.0,0.0,1.0,0,0.47,0.53"
"3945.0,0.0,0.0,1,0.53,0.47"
"3946.0,0.0,0.0,1,0.52,0.48"
"3948.0,0.0,0.0,1,0.56,0.44"
"3957.0,1.0,0.0,0,0.94,0.06"
"3961.0,0.0,0.0,1,0.55,0.45"
"3962.0,1.0,1.0,1,0.48,0.52"
"3964.0,1.0,0.0,0,0.56,0.44"
"3966.0,0.0,0.0,1,0.52,0.48"
"3969.0,0.0,0.0,1,0.56,0.44"
"3975.0,0.0,0.0,1,0.6,0.4"
"3977.0,0.0,0.0,1,0.52,0.48"
"3979.0,0.0,1.0,0,0.48,0.52"
"3982.0,0.0,1.0,0,0.44,0.56"
"3988.0,0.0,0.0,1,0.52,0.48"
"3992.0,0.0,0.0,1,0.55,0.45"
"3996.0,0.0,1.0,0,0.49,0.51"
"3999.0,0.0,0.0,1,0.55,0.45"
"4011.0,0.0,0.0,1,0.55,0.45"
"4017.0,0.0,1.0,0,0.38,0.62"
"4020.0,0.0,1.0,0,0.38,0.62"
"4021.0,0.0,0.0,1,0.53,0.47"
"4030.0,0.0,0.0,1,0.57,0.43"
"4034.0,0.0,1.0,0,0.47,0.53"
"4035.0,0.0,1.0,0,0.43,0.57"
"4036.0,0.0,0.0,1,0.52,0.48"
"4037.0,1.0,1.0,1,0.49,0.51"
"4039.0,0.0,0.0,1,0.56,0.44"
"4053.0,0.0,0.0,1,0.54,0.46"
"4055.0,0.0,0.0,1,0.58,0.42"
"4060.0,0.0,0.0,1,0.59,0.41"
"4061.0,0.0,1.0,0,0.44,0.56"
"4063.0,0.0,0.0,1,0.54,0.46"
"4065.0,0.0,1.0,0,0.48,0.52"
"4072.0,0.0,1.0,0,0.49,0.51"
"4074.0,1.0,1.0,1,0.47,0.53"
"4075.0,0.0,1.0,0,0.41,0.59"
"4082.0,0.0,0.0,1,0.55,0.45"
"4083.0,0.0,0.0,1,0.59,0.41"
"4087.0,1.0,0.0,0,0.56,0.44"
"4090.0,1.0,1.0,1,0.44,0.56"
"4091.0,0.0,1.0,0,0.47,0.53"
"4093.0,0.0,0.0,1,0.53,0.47"
"4094.0,0.0,1.0,0,0.48,0.52"
"4099.0,0.0,1.0,0,0.4,0.6"
"4102.0,0.0,0.0,1,0.55,0.45"
"4105.0,1.0,0.0,0,0.51,0.49"
"4107.0,0.0,1.0,0,0.48,0.52"
"4109.0,0.0,0.0,1,0.62,0.38"
"4113.0,0.0,0.0,1,0.58,0.42"
"4114.0,0.0,0.0,1,0.55,0.45"
"4118.0,0.0,1.0,0,0.48,0.52"
"4119.0,1.0,1.0,1,0.45,0.55"
"4123.0,1.0,0.0,0,0.54,0.46"
"4124.0,0.0,0.0,1,0.56,0.44"
"4126.0,0.0,0.0,1,0.55,0.45"
"4127.0,0.0,0.0,1,0.56,0.44"
"4130.0,0.0,0.0,1,0.54,0.46"
"4133.0,0.0,1.0,0,0.38,0.62"
"4144.0,0.0,0.0,1,0.57,0.43"
"4145.0,0.0,0.0,1,0.55,0.45"
"4150.0,1.0,1.0,1,0.44,0.56"
"4151.0,0.0,0.0,1,0.54,0.46"
"4153.0,0.0,0.0,1,0.55,0.45"
"4155.0,0.0,1.0,0,0.37,0.63"
"4156.0,0.0,0.0,1,0.57,0.43"
"4157.0,0.0,0.0,1,0.58,0.42"
"4160.0,0.0,1.0,0,0.47,0.53"
"4161.0,0.0,0.0,1,0.55,0.45"
"4162.0,0.0,1.0,0,0.47,0.53"
"4167.0,0.0,1.0,0,0.48,0.52"
"4170.0,0.0,0.0,1,0.54,0.46"
"4172.0,0.0,1.0,0,0.48,0.52"
"4184.0,0.0,1.0,0,0.46,0.54"
"4189.0,0.0,1.0,0,0.34,0.66"
"4197.0,0.0,0.0,1,0.57,0.43"
"4200.0,1.0,1.0,1,0.37,0.63"
"4201.0,1.0,1.0,1,0.47,0.53"
"4208.0,1.0,1.0,1,0.36,0.64"
"4209.0,0.0,1.0,0,0.44,0.56"
"4223.0,0.0,1.0,0,0.48,0.52"
"4234.0,0.0,0.0,1,0.56,0.44"
"4236.0,0.0,0.0,1,0.6,0.4"
"4237.0,0.0,1.0,0,0.46,0.54"
"4238.0,0.0,0.0,1,0.52,0.48"
"4246.0,0.0,0.0,1,0.54,0.46"
"4249.0,0.0,1.0,0,0.34,0.66"
"4250.0,0.0,0.0,1,0.55,0.45"
"4251.0,0.0,0.0,1,0.56,0.44"
"4260.0,0.0,0.0,1,0.54,0.46"
"4261.0,0.0,0.0,1,0.5,0.5"
"4262.0,0.0,0.0,1,0.58,0.42"
"4263.0,0.0,0.0,1,0.52,0.48"
"4264.0,1.0,1.0,1,0.43,0.57"
"4265.0,1.0,1.0,1,0.44,0.56"
"4266.0,0.0,0.0,1,0.62,0.38"
"4267.0,0.0,0.0,1,0.55,0.45"
"4268.0,0.0,0.0,1,0.53,0.47"
"4276.0,0.0,1.0,0,0.33,0.67"
"4279.0,1.0,0.0,0,0.52,0.48"
"4280.0,0.0,1.0,0,0.47,0.53"
"4282.0,1.0,0.0,0,0.51,0.49"
"4283.0,0.0,0.0,1,0.55,0.45"
"4287.0,0.0,0.0,1,0.57,0.43"
"4294.0,0.0,0.0,1,0.51,0.49"
"4298.0,0.0,1.0,0,0.41,0.59"
"4299.0,0.0,0.0,1,0.54,0.46"
"4302.0,0.0,1.0,0,0.48,0.52"
"4303.0,0.0,0.0,1,0.56,0.44"
"4307.0,0.0,1.0,0,0.44,0.56"
"4308.0,0.0,1.0,0,0.49,0.51"
"4310.0,0.0,1.0,0,0.38,0.62"
"4315.0,0.0,1.0,0,0.4,0.6"
"4322.0,0.0,0.0,1,0.54,0.46"
"4323.0,0.0,0.0,1,0.56,0.44"
"4324.0,1.0,1.0,1,0.44,0.56"
"4328.0,0.0,1.0,0,0.47,0.53"
"4331.0,1.0,0.0,0,0.51,0.49"
"4337.0,0.0,1.0,0,0.42,0.58"
"4342.0,0.0,0.0,1,0.51,0.49"
"4343.0,0.0,0.0,1,0.52,0.48"
"4354.0,0.0,1.0,0,0.43,0.57"
"4360.0,1.0,0.0,0,0.53,0.47"
"4368.0,0.0,1.0,0,0.41,0.59"
"4373.0,0.0,0.0,1,0.55,0.45"
"4375.0,0.0,0.0,1,0.56,0.44"
"4379.0,0.0,1.0,0,0.44,0.56"
"4381.0,0.0,1.0,0,0.47,0.53"
"4384.0,0.0,0.0,1,0.56,0.44"
"4386.0,0.0,0.0,1,0.59,0.41"
"4387.0,0.0,0.0,1,0.6,0.4"
"4388.0,1.0,1.0,1,0.47,0.53"
"4395.0,0.0,1.0,0,0.3,0.7"
"4399.0,0.0,1.0,0,0.49,0.51"
"4400.0,1.0,1.0,1,0.48,0.52"
"4403.0,0.0,1.0,0,0.43,0.57"
"4404.0,0.0,1.0,0,0.43,0.57"
"4405.0,0.0,0.0,1,0.68,0.32"
"4408.0,0.0,0.0,1,0.54,0.46"
"4419.0,0.0,1.0,0,0.49,0.51"
"4421.0,0.0,1.0,0,0.43,0.57"
"4424.0,0.0,0.0,1,0.54,0.46"
"4426.0,0.0,0.0,1,0.52,0.48"
"4434.0,0.0,0.0,1,0.57,0.43"
"4435.0,0.0,1.0,0,0.44,0.56"
"4438.0,0.0,0.0,1,0.54,0.46"
"4444.0,1.0,0.0,0,0.58,0.42"
"4450.0,0.0,0.0,1,0.58,0.42"
"4452.0,0.0,0.0,1,0.53,0.47"
"4458.0,0.0,0.0,1,0.59,0.41"
"4459.0,0.0,1.0,0,0.4,0.6"
"4463.0,0.0,0.0,1,0.58,0.42"
"4464.0,0.0,0.0,1,0.57,0.43"
"4466.0,0.0,0.0,1,0.57,0.43"
"4468.0,0.0,1.0,0,0.5,0.5"
"4473.0,0.0,0.0,1,0.52,0.48"
"4474.0,1.0,0.0,0,0.55,0.45"
"4475.0,0.0,1.0,0,0.42,0.58"
"4476.0,0.0,0.0,1,0.52,0.48"
"4478.0,0.0,0.0,1,0.54,0.46"
"4480.0,0.0,0.0,1,0.59,0.41"
"4481.0,0.0,0.0,1,0.54,0.46"
"4482.0,0.0,0.0,1,0.53,0.47"
"4483.0,0.0,0.0,1,0.56,0.44"
"4489.0,0.0,1.0,0,0.43,0.57"
"4491.0,1.0,0.0,0,0.51,0.49"
"4492.0,0.0,1.0,0,0.48,0.52"
"4493.0,0.0,1.0,0,0.34,0.66"
"4494.0,0.0,0.0,1,0.54,0.46"
"4497.0,0.0,0.0,1,0.55,0.45"
"4504.0,0.0,0.0,1,0.52,0.48"
"4506.0,0.0,1.0,0,0.45,0.55"
"4512.0,0.0,0.0,1,0.52,0.48"
"4515.0,0.0,0.0,1,0.51,0.49"
"4523.0,0.0,1.0,0,0.46,0.54"
"4525.0,0.0,0.0,1,0.58,0.42"
"4527.0,0.0,0.0,1,0.53,0.47"
"4529.0,1.0,1.0,1,0.4,0.6"
"4534.0,0.0,1.0,0,0.48,0.52"
"4543.0,0.0,0.0,1,0.51,0.49"
"4544.0,0.0,0.0,1,0.53,0.47"
"4549.0,0.0,1.0,0,0.5,0.5"
"4555.0,1.0,0.0,0,0.56,0.44"
"4564.0,0.0,0.0,1,0.58,0.42"
"4570.0,0.0,1.0,0,0.42,0.58"
"4571.0,0.0,1.0,0,0.45,0.55"
"4573.0,0.0,0.0,1,0.59,0.41"
"4577.0,1.0,0.0,0,0.53,0.47"
"4579.0,0.0,1.0,0,0.49,0.51"
"4580.0,0.0,0.0,1,0.53,0.47"
"4581.0,0.0,1.0,0,0.38,0.62"
"4582.0,1.0,1.0,1,0.49,0.51"
"4584.0,0.0,1.0,0,0.49,0.51"
"4585.0,0.0,1.0,0,0.38,0.62"
"4587.0,1.0,0.0,0,0.54,0.46"
"4591.0,0.0,0.0,1,0.55,0.45"
"4592.0,0.0,0.0,1,0.54,0.46"
"4593.0,0.0,0.0,1,0.53,0.47"
"4597.0,0.0,0.0,1,0.53,0.47"
"4601.0,0.0,1.0,0,0.38,0.62"
"4602.0,0.0,0.0,1,0.56,0.44"
"4606.0,0.0,0.0,1,0.55,0.45"
"4607.0,0.0,0.0,1,0.5,0.5"
"4608.0,0.0,1.0,0,0.37,0.63"
"4611.0,0.0,1.0,0,0.48,0.52"
"4615.0,0.0,1.0,0,0.47,0.53"
"4616.0,0.0,0.0,1,0.71,0.29"
"4617.0,1.0,0.0,0,0.58,0.42"
"4618.0,0.0,0.0,1,0.56,0.44"
"4621.0,0.0,1.0,0,0.38,0.62"
"4628.0,1.0,1.0,1,0.49,0.51"
"4631.0,0.0,0.0,1,0.58,0.42"
"4635.0,0.0,1.0,0,0.48,0.52"
"4638.0,0.0,1.0,0,0.48,0.52"
"4641.0,0.0,0.0,1,0.51,0.49"
"4643.0,0.0,1.0,0,0.5,0.5"
"4650.0,0.0,1.0,0,0.46,0.54"
"4654.0,0.0,1.0,0,0.23,0.77"
"4657.0,1.0,1.0,1,0.48,0.52"
"4676.0,1.0,1.0,1,0.43,0.57"
"4677.0,0.0,0.0,1,0.53,0.47"
"4678.0,1.0,0.0,0,0.54,0.46"
"4679.0,0.0,1.0,0,0.46,0.54"
"4680.0,1.0,1.0,1,0.49,0.51"
"4691.0,1.0,1.0,1,0.47,0.53"
"4692.0,0.0,0.0,1,0.57,0.43"
"4699.0,0.0,0.0,1,0.56,0.44"
"4706.0,0.0,0.0,1,0.55,0.45"
"4708.0,0.0,0.0,1,0.5,0.5"
"4709.0,0.0,0.0,1,0.58,0.42"
"4712.0,0.0,0.0,1,0.5,0.5"
"4713.0,0.0,0.0,1,0.55,0.45"
"4719.0,0.0,0.0,1,0.59,0.41"
"4721.0,0.0,0.0,1,0.52,0.48"
"4724.0,0.0,0.0,1,0.55,0.45"
"4726.0,0.0,0.0,1,0.54,0.46"
"4728.0,0.0,1.0,0,0.44,0.56"
"4730.0,0.0,0.0,1,0.51,0.49"
"4737.0,0.0,0.0,1,0.56,0.44"
"4738.0,0.0,0.0,1,0.55,0.45"
"4742.0,0.0,0.0,1,0.55,0.45"
"4744.0,1.0,0.0,0,0.5,0.5"
"4745.0,0.0,0.0,1,0.56,0.44"
"4747.0,0.0,0.0,1,0.57,0.43"
"4751.0,0.0,1.0,0,0.45,0.55"
"4754.0,0.0,1.0,0,0.4,0.6"
"4763.0,0.0,0.0,1,0.59,0.41"
"4766.0,1.0,1.0,1,0.49,0.51"
"4769.0,0.0,1.0,0,0.46,0.54"
"4770.0,0.0,1.0,0,0.38,0.62"
"4771.0,0.0,0.0,1,0.59,0.41"
"4775.0,0.0,0.0,1,0.54,0.46"
"4776.0,0.0,1.0,0,0.39,0.61"
"4782.0,0.0,1.0,0,0.5,0.5"
"4788.0,1.0,0.0,0,0.54,0.46"
"4794.0,0.0,0.0,1,0.53,0.47"
"4801.0,0.0,0.0,1,0.56,0.44"
"4805.0,0.0,1.0,0,0.5,0.5"
"4814.0,0.0,0.0,1,0.55,0.45"
"4816.0,0.0,1.0,0,0.45,0.55"
"4822.0,0.0,0.0,1,0.55,0.45"
"4825.0,0.0,0.0,1,0.52,0.48"
"4827.0,0.0,1.0,0,0.4,0.6"
"4832.0,0.0,0.0,1,0.53,0.47"
"4833.0,1.0,1.0,1,0.44,0.56"
"4835.0,1.0,0.0,0,0.55,0.45"
"4838.0,0.0,0.0,1,0.57,0.43"
"4840.0,1.0,1.0,1,0.41,0.59"
"4846.0,0.0,0.0,1,0.53,0.47"
"4857.0,0.0,0.0,1,0.53,0.47"
"4868.0,0.0,0.0,1,0.58,0.42"
"4874.0,0.0,0.0,1,0.57,0.43"
"4877.0,0.0,0.0,1,0.6,0.4"
"4886.0,0.0,0.0,1,0.54,0.46"
"4889.0,1.0,0.0,0,0.55,0.45"
"4892.0,0.0,0.0,1,0.57,0.43"
"4893.0,0.0,0.0,1,0.53,0.47"
"4895.0,0.0,1.0,0,0.5,0.5"
"4897.0,0.0,0.0,1,0.51,0.49"
"4900.0,0.0,1.0,0,0.49,0.51"
"4902.0,1.0,0.0,0,0.56,0.44"
"4904.0,0.0,1.0,0,0.49,0.51"
"4905.0,0.0,1.0,0,0.34,0.66"
"4906.0,0.0,0.0,1,0.7,0.3"
"4908.0,0.0,0.0,1,0.52,0.48"
"4911.0,1.0,1.0,1,0.47,0.53"
"4914.0,0.0,1.0,0,0.48,0.52"
"4915.0,0.0,1.0,0,0.49,0.51"
"4917.0,0.0,1.0,0,0.35,0.65"
"4919.0,0.0,0.0,1,0.57,0.43"
"4921.0,0.0,0.0,1,0.55,0.45"
"4924.0,1.0,0.0,0,0.55,0.45"
"4930.0,0.0,0.0,1,0.58,0.42"
"4932.0,0.0,1.0,0,0.45,0.55"
"4935.0,0.0,0.0,1,0.56,0.44"
"4936.0,0.0,0.0,1,0.52,0.48"
"4940.0,0.0,1.0,0,0.48,0.52"
"4943.0,0.0,0.0,1,0.52,0.48"
"4951.0,0.0,0.0,1,0.51,0.49"
"4955.0,0.0,0.0,1,0.54,0.46"
"4957.0,0.0,1.0,0,0.49,0.51"
"4958.0,0.0,1.0,0,0.34,0.66"
"4959.0,0.0,0.0,1,0.51,0.49"
"4960.0,1.0,1.0,1,0.38,0.62"
"4961.0,0.0,0.0,1,0.54,0.46"
"4973.0,0.0,0.0,1,0.56,0.44"
"4974.0,1.0,0.0,0,0.51,0.49"
"4984.0,0.0,0.0,1,0.51,0.49"
"4986.0,0.0,0.0,1,0.68,0.32"
"4987.0,1.0,1.0,1,0.36,0.64"
"4988.0,0.0,0.0,1,0.5,0.5"
"4991.0,0.0,0.0,1,0.57,0.43"
"4992.0,0.0,1.0,0,0.49,0.51"
"4995.0,0.0,0.0,1,0.55,0.45"
"4996.0,1.0,1.0,1,0.5,0.5"
"5001.0,0.0,1.0,0,0.46,0.54"
"5002.0,0.0,0.0,1,0.54,0.46"
"5003.0,0.0,0.0,1,0.54,0.46"
"5004.0,0.0,0.0,1,0.56,0.44"
"5018.0,0.0,1.0,0,0.47,0.53"
"5020.0,1.0,1.0,1,0.49,0.51"
"5021.0,0.0,1.0,0,0.4,0.6"
"5028.0,1.0,0.0,0,0.57,0.43"
"5034.0,0.0,0.0,1,0.54,0.46"
"5035.0,0.0,0.0,1,0.6,0.4"
"5038.0,0.0,0.0,1,0.55,0.45"
"5041.0,0.0,0.0,1,0.53,0.47"
"5042.0,0.0,1.0,0,0.46,0.54"
"5045.0,0.0,1.0,0,0.44,0.56"
"5048.0,0.0,1.0,0,0.37,0.63"
"5049.0,0.0,0.0,1,0.51,0.49"
"5051.0,0.0,0.0,1,0.51,0.49"
"5054.0,0.0,0.0,1,0.5,0.5"
"5057.0,0.0,0.0,1,0.51,0.49"
"5064.0,0.0,1.0,0,0.32,0.68"
"5066.0,0.0,0.0,1,0.5,0.5"
"5067.0,0.0,0.0,1,0.51,0.49"
"5069.0,1.0,1.0,1,0.41,0.59"
"5078.0,0.0,0.0,1,0.5,0.5"
"5080.0,0.0,0.0,1,0.55,0.45"
"5088.0,0.0,0.0,1,0.57,0.43"
"5089.0,0.0,0.0,1,0.53,0.47"
"5090.0,0.0,1.0,0,0.5,0.5"
"5092.0,1.0,0.0,0,0.55,0.45"
"5093.0,0.0,0.0,1,0.58,0.42"
"5102.0,0.0,1.0,0,0.43,0.57"
"5104.0,1.0,0.0,0,0.5,0.5"
"5105.0,0.0,1.0,0,0.5,0.5"
"5106.0,0.0,0.0,1,0.69,0.31"
"5107.0,0.0,0.0,1,0.72,0.28"
"5110.0,1.0,1.0,1,0.49,0.51"
"5112.0,0.0,1.0,0,0.46,0.54"
"5114.0,0.0,0.0,1,0.6,0.4"
"5116.0,0.0,1.0,0,0.43,0.57"
"5119.0,0.0,1.0,0,0.46,0.54"
"5128.0,0.0,1.0,0,0.43,0.57"
"5129.0,0.0,0.0,1,0.53,0.47"
"5131.0,0.0,0.0,1,0.57,0.43"
"5134.0,0.0,0.0,1,0.5,0.5"
"5136.0,0.0,0.0,1,0.54,0.46"
"5140.0,1.0,1.0,1,0.43,0.57"
"5142.0,0.0,1.0,0,0.44,0.56"
"5143.0,0.0,1.0,0,0.32,0.68"
"5144.0,0.0,0.0,1,0.57,0.43"
"5146.0,1.0,0.0,0,0.55,0.45"
"5148.0,0.0,0.0,1,0.55,0.45"
"5156.0,1.0,1.0,1,0.42,0.58"
"5157.0,0.0,0.0,1,0.51,0.49"
"5158.0,0.0,0.0,1,0.53,0.47"
"5159.0,0.0,0.0,1,0.51,0.49"
"5160.0,0.0,1.0,0,0.46,0.54"
"5169.0,0.0,0.0,1,0.51,0.49"
"5173.0,0.0,0.0,1,0.51,0.49"
"5175.0,1.0,1.0,1,0.41,0.59"
"5176.0,0.0,0.0,1,0.53,0.47"
"5179.0,0.0,0.0,1,0.55,0.45"
"5185.0,0.0,0.0,1,0.59,0.41"
"5187.0,0.0,0.0,1,0.51,0.49"
"5189.0,0.0,0.0,1,0.56,0.44"
"5192.0,0.0,1.0,0,0.49,0.51"
"5193.0,0.0,1.0,0,0.38,0.62"
"5197.0,0.0,0.0,1,0.51,0.49"
"5198.0,0.0,0.0,1,0.55,0.45"
"5199.0,0.0,1.0,0,0.46,0.54"
"5200.0,0.0,1.0,0,0.45,0.55"
"5201.0,1.0,1.0,1,0.44,0.56"
"5205.0,0.0,1.0,0,0.39,0.61"
"5210.0,0.0,0.0,1,0.56,0.44"
"5220.0,0.0,1.0,0,0.39,0.61"
"5221.0,0.0,0.0,1,0.57,0.43"
"5223.0,1.0,1.0,1,0.45,0.55"
"5232.0,0.0,0.0,1,0.56,0.44"
"5233.0,0.0,0.0,1,0.53,0.47"
"5241.0,0.0,1.0,0,0.46,0.54"
"5244.0,1.0,1.0,1,0.35,0.65"
"5246.0,0.0,1.0,0,0.47,0.53"
"5251.0,0.0,1.0,0,0.44,0.56"
"5253.0,0.0,0.0,1,0.54,0.46"
"5259.0,0.0,1.0,0,0.48,0.52"
"5260.0,0.0,0.0,1,0.55,0.45"
"5264.0,0.0,0.0,1,0.53,0.47"
"5272.0,0.0,1.0,0,0.49,0.51"
"5274.0,1.0,0.0,0,0.53,0.47"
"5280.0,0.0,1.0,0,0.49,0.51"
"5281.0,0.0,0.0,1,0.57,0.43"
"5283.0,0.0,0.0,1,0.52,0.48"
"5290.0,0.0,0.0,1,0.6,0.4"
"5291.0,0.0,1.0,0,0.48,0.52"
"5293.0,1.0,0.0,0,0.52,0.48"
"5296.0,0.0,0.0,1,0.52,0.48"
"5298.0,0.0,1.0,0,0.43,0.57"
"5302.0,1.0,1.0,1,0.49,0.51"
"5305.0,0.0,1.0,0,0.39,0.61"
"5309.0,0.0,0.0,1,0.51,0.49"
"5311.0,0.0,0.0,1,0.51,0.49"
"5320.0,0.0,1.0,0,0.45,0.55"
"5322.0,0.0,1.0,0,0.44,0.56"
"5332.0,1.0,0.0,0,0.51,0.49"
"5335.0,0.0,0.0,1,0.54,0.46"
"5340.0,1.0,0.0,0,0.57,0.43"
"5342.0,0.0,0.0,1,0.55,0.45"
"5345.0,0.0,0.0,1,0.5,0.5"
"5346.0,0.0,0.0,1,0.58,0.42"
"5347.0,0.0,1.0,0,0.49,0.51"
"5348.0,0.0,1.0,0,0.35,0.65"
"5352.0,0.0,1.0,0,0.47,0.53"
"5354.0,0.0,0.0,1,0.58,0.42"
"5359.0,0.0,0.0,1,0.53,0.47"
"5362.0,0.0,1.0,0,0.49,0.51"
"5363.0,0.0,1.0,0,0.47,0.53"
"5371.0,1.0,0.0,0,0.54,0.46"
"5372.0,0.0,1.0,0,0.49,0.51"
"5382.0,0.0,1.0,0,0.39,0.61"
"5383.0,0.0,1.0,0,0.46,0.54"
"5384.0,0.0,1.0,0,0.41,0.59"
"5394.0,0.0,1.0,0,0.43,0.57"
"5395.0,0.0,0.0,1,0.54,0.46"
"5396.0,0.0,1.0,0,0.5,0.5"
"5397.0,0.0,0.0,1,0.58,0.42"
"5398.0,0.0,0.0,1,0.57,0.43"
"5399.0,1.0,1.0,1,0.46,0.54"
"5403.0,0.0,0.0,1,0.58,0.42"
"5409.0,0.0,0.0,1,0.51,0.49"
"5416.0,0.0,1.0,0,0.42,0.58"
"5417.0,0.0,0.0,1,0.5,0.5"
"5419.0,1.0,0.0,0,0.5,0.5"
"5420.0,0.0,0.0,1,0.8,0.2"
"5423.0,0.0,0.0,1,0.53,0.47"
"5424.0,0.0,0.0,1,0.52,0.48"
"5425.0,0.0,0.0,1,0.57,0.43"
"5427.0,0.0,0.0,1,0.51,0.49"
"5431.0,0.0,1.0,0,0.43,0.57"
"5432.0,0.0,0.0,1,0.58,0.42"
"5433.0,1.0,1.0,1,0.47,0.53"
"5436.0,0.0,0.0,1,0.52,0.48"
"5437.0,0.0,0.0,1,0.51,0.49"
"5449.0,1.0,0.0,0,0.54,0.46"
"5453.0,0.0,0.0,1,0.52,0.48"
"5454.0,0.0,1.0,0,0.48,0.52"
"5460.0,0.0,0.0,1,0.58,0.42"
"5461.0,0.0,0.0,1,0.56,0.44"
"5466.0,0.0,0.0,1,0.55,0.45"
"5468.0,0.0,0.0,1,0.55,0.45"
"5469.0,0.0,1.0,0,0.25,0.75"
"5478.0,1.0,0.0,0,0.56,0.44"
"5479.0,0.0,0.0,1,0.5,0.5"
"5481.0,0.0,1.0,0,0.42,0.58"
"5491.0,0.0,1.0,0,0.45,0.55"
"5494.0,0.0,1.0,0,0.43,0.57"
"5499.0,0.0,0.0,1,0.51,0.49"
"5501.0,1.0,1.0,1,0.38,0.62"
"5504.0,0.0,0.0,1,0.59,0.41"
"5505.0,1.0,1.0,1,0.4,0.6"
"5510.0,0.0,1.0,0,0.4,0.6"
"5511.0,0.0,1.0,0,0.45,0.55"
"5518.0,0.0,1.0,0,0.48,0.52"
"5522.0,0.0,0.0,1,0.52,0.48"
"5523.0,0.0,1.0,0,0.41,0.59"
"5525.0,0.0,1.0,0,0.48,0.52"
"5527.0,0.0,0.0,1,0.51,0.49"
"5530.0,0.0,1.0,0,0.47,0.53"
"5534.0,0.0,1.0,0,0.44,0.56"
"5538.0,0.0,0.0,1,0.55,0.45"
"5539.0,0.0,0.0,1,0.51,0.49"
"5541.0,0.0,1.0,0,0.35,0.65"
"5543.0,0.0,1.0,0,0.47,0.53"
"5544.0,0.0,0.0,1,0.53,0.47"
"5554.0,0.0,0.0,1,0.54,0.46"
"5558.0,0.0,0.0,1,0.54,0.46"
"5561.0,0.0,1.0,0,0.49,0.51"
"5564.0,1.0,0.0,0,0.76,0.24"
"5566.0,0.0,0.0,1,0.55,0.45"
"5567.0,1.0,1.0,1,0.48,0.52"
"5569.0,1.0,0.0,0,0.58,0.42"
"5573.0,0.0,1.0,0,0.48,0.52"
"5574.0,0.0,1.0,0,0.49,0.51"
"5577.0,0.0,0.0,1,0.56,0.44"
"5579.0,0.0,0.0,1,0.6,0.4"
"5581.0,1.0,1.0,1,0.38,0.62"
"5583.0,1.0,0.0,0,0.58,0.42"
"5586.0,0.0,0.0,1,0.51,0.49"
"5590.0,0.0,0.0,1,0.5,0.5"
"5591.0,0.0,0.0,1,0.59,0.41"
"5594.0,0.0,0.0,1,0.54,0.46"
"5595.0,0.0,0.0,1,0.54,0.46"
"5602.0,1.0,1.0,1,0.33,0.67"
"5614.0,0.0,0.0,1,0.51,0.49"
"5615.0,0.0,0.0,1,0.56,0.44"
"5618.0,1.0,0.0,0,0.55,0.45"
"5619.0,0.0,0.0,1,0.56,0.44"
"5626.0,1.0,0.0,0,0.59,0.41"
"5630.0,1.0,0.0,0,0.6,0.4"
"5635.0,1.0,0.0,0,0.55,0.45"
"5639.0,1.0,1.0,1,0.38,0.62"
"5640.0,0.0,0.0,1,0.57,0.43"
"5642.0,0.0,0.0,1,0.55,0.45"
"5643.0,0.0,0.0,1,0.63,0.37"
"5644.0,0.0,0.0,1,0.52,0.48"
"5648.0,0.0,1.0,0,0.48,0.52"
"5649.0,0.0,0.0,1,0.58,0.42"
"5650.0,0.0,1.0,0,0.41,0.59"
"5653.0,1.0,0.0,0,0.6,0.4"
"5656.0,0.0,0.0,1,0.58,0.42"
"5657.0,0.0,1.0,0,0.35,0.65"
"5662.0,0.0,1.0,0,0.49,0.51"
"5663.0,0.0,0.0,1,0.55,0.45"
"5664.0,1.0,0.0,0,0.53,0.47"
"5668.0,0.0,0.0,1,0.55,0.45"
"5669.0,0.0,1.0,0,0.5,0.5"
"5670.0,0.0,1.0,0,0.38,0.62"
"5676.0,0.0,0.0,1,0.53,0.47"
"5677.0,0.0,0.0,1,0.54,0.46"
"5681.0,0.0,0.0,1,0.55,0.45"
"5683.0,0.0,0.0,1,0.57,0.43"
"5685.0,0.0,0.0,1,0.55,0.45"
"5687.0,0.0,0.0,1,0.56,0.44"
"5690.0,1.0,1.0,1,0.41,0.59"
"5694.0,0.0,0.0,1,0.57,0.43"
"5695.0,0.0,1.0,0,0.43,0.57"
"5698.0,0.0,1.0,0,0.44,0.56"
"5701.0,0.0,1.0,0,0.47,0.53"
"5702.0,0.0,0.0,1,0.56,0.44"
"5707.0,0.0,0.0,1,0.56,0.44"
"5710.0,1.0,0.0,0,0.56,0.44"
"5712.0,0.0,1.0,0,0.44,0.56"
"5716.0,0.0,1.0,0,0.42,0.58"
"5719.0,0.0,0.0,1,0.6,0.4"
"5723.0,0.0,1.0,0,0.49,0.51"
"5725.0,0.0,1.0,0,0.42,0.58"
"5730.0,0.0,0.0,1,0.5,0.5"
"5731.0,0.0,0.0,1,0.67,0.33"
"5732.0,0.0,1.0,0,0.48,0.52"
"5734.0,1.0,0.0,0,0.59,0.41"
"5738.0,0.0,0.0,1,0.73,0.27"
"5739.0,0.0,1.0,0,0.45,0.55"
"5742.0,0.0,1.0,0,0.39,0.61"
"5745.0,0.0,0.0,1,0.53,0.47"
"5746.0,0.0,0.0,1,0.54,0.46"
"5752.0,0.0,1.0,0,0.46,0.54"
"5757.0,0.0,1.0,0,0.44,0.56"
"5761.0,0.0,0.0,1,0.5,0.5"
"5763.0,0.0,0.0,1,0.52,0.48"
"5769.0,1.0,0.0,0,0.5,0.5"
"5770.0,0.0,1.0,0,0.36,0.64"
"5772.0,0.0,1.0,0,0.46,0.54"
"5782.0,0.0,1.0,0,0.32,0.68"
"5786.0,0.0,0.0,1,0.59,0.41"
"5788.0,0.0,0.0,1,0.61,0.39"
"5789.0,0.0,0.0,1,0.57,0.43"
"5794.0,0.0,0.0,1,0.57,0.43"
"5800.0,0.0,1.0,0,0.45,0.55"
"5803.0,0.0,1.0,0,0.46,0.54"
"5804.0,0.0,0.0,1,0.54,0.46"
"5810.0,0.0,0.0,1,0.52,0.48"
"5811.0,0.0,1.0,0,0.5,0.5"
"5812.0,0.0,0.0,1,0.57,0.43"
"5817.0,0.0,1.0,0,0.35,0.65"
"5818.0,1.0,0.0,0,0.51,0.49"
"5819.0,0.0,0.0,1,0.56,0.44"
"5820.0,0.0,0.0,1,0.56,0.44"
"5825.0,0.0,0.0,1,0.54,0.46"
"5834.0,0.0,0.0,1,0.59,0.41"
"5839.0,0.0,0.0,1,0.57,0.43"
"5841.0,0.0,1.0,0,0.48,0.52"
"5847.0,0.0,0.0,1,0.5,0.5"
"5849.0,1.0,0.0,0,0.55,0.45"
"5852.0,0.0,1.0,0,0.44,0.56"
"5854.0,0.0,0.0,1,0.55,0.45"
"5855.0,1.0,0.0,0,0.53,0.47"
"5857.0,1.0,1.0,1,0.44,0.56"
"5859.0,0.0,0.0,1,0.58,0.42"
"5862.0,0.0,1.0,0,0.46,0.54"
"5880.0,0.0,1.0,0,0.5,0.5"
"5882.0,0.0,0.0,1,0.56,0.44"
"5883.0,0.0,0.0,1,0.56,0.44"
"5884.0,0.0,1.0,0,0.44,0.56"
"5885.0,0.0,0.0,1,0.55,0.45"
"5889.0,1.0,0.0,0,0.56,0.44"
"5894.0,0.0,0.0,1,0.54,0.46"
"5899.0,0.0,0.0,1,0.54,0.46"
"5901.0,0.0,1.0,0,0.44,0.56"
"5902.0,0.0,0.0,1,0.59,0.41"
"5906.0,1.0,1.0,1,0.32,0.68"
"5909.0,0.0,1.0,0,0.49,0.51"
"5914.0,0.0,1.0,0,0.47,0.53"
"5925.0,0.0,0.0,1,0.6,0.4"
"5927.0,0.0,1.0,0,0.48,0.52"
"5931.0,1.0,0.0,0,0.55,0.45"
"5934.0,0.0,1.0,0,0.48,0.52"
"5935.0,0.0,0.0,1,0.54,0.46"
"5937.0,0.0,0.0,1,0.53,0.47"
"5946.0,1.0,1.0,1,0.48,0.52"
"5952.0,0.0,1.0,0,0.47,0.53"
"5956.0,0.0,0.0,1,0.59,0.41"
"5958.0,0.0,0.0,1,0.51,0.49"
"5963.0,0.0,1.0,0,0.34,0.66"
"5966.0,0.0,1.0,0,0.5,0.5"
"5968.0,0.0,0.0,1,0.55,0.45"
"5981.0,0.0,1.0,0,0.5,0.5"
"5982.0,0.0,0.0,1,0.51,0.49"
"5989.0,0.0,0.0,1,0.58,0.42"
"5994.0,0.0,0.0,1,0.62,0.38"
"5998.0,0.0,1.0,0,0.47,0.53"
"5999.0,0.0,1.0,0,0.49,0.51"
"6001.0,0.0,0.0,1,0.53,0.47"
"6010.0,1.0,1.0,1,0.38,0.62"
"6012.0,1.0,0.0,0,0.55,0.45"
"6013.0,1.0,0.0,0,0.56,0.44"
"6014.0,1.0,0.0,0,0.53,0.47"
"6018.0,1.0,1.0,1,0.47,0.53"
"6019.0,1.0,1.0,1,0.39,0.61"
"6021.0,1.0,1.0,1,0.46,0.54"
"6023.0,1.0,0.0,0,0.52,0.48"
"6024.0,1.0,1.0,1,0.49,0.51"
"6025.0,1.0,0.0,0,0.67,0.33"
"6027.0,1.0,0.0,0,0.64,0.36"
"6033.0,1.0,1.0,1,0.22,0.78"
"6038.0,1.0,1.0,1,0.43,0.57"
"6041.0,1.0,0.0,0,0.55,0.45"
"6042.0,1.0,0.0,0,0.64,0.36"
"6043.0,1.0,1.0,1,0.47,0.53"
"6051.0,1.0,0.0,0,0.56,0.44"
"6055.0,1.0,1.0,1,0.5,0.5"
"6058.0,1.0,0.0,0,0.51,0.49"
"6061.0,1.0,1.0,1,0.47,0.53"
"6062.0,1.0,0.0,0,0.51,0.49"
"6063.0,1.0,1.0,1,0.41,0.59"
"6069.0,1.0,1.0,1,0.49,0.51"
"6070.0,1.0,1.0,1,0.41,0.59"
"6074.0,1.0,1.0,1,0.46,0.54"
"6075.0,1.0,0.0,0,0.53,0.47"
"6078.0,1.0,1.0,1,0.48,0.52"
"6079.0,1.0,1.0,1,0.37,0.63"
"6080.0,1.0,0.0,0,0.5,0.5"
"6081.0,1.0,0.0,0,0.55,0.45"
"6091.0,1.0,0.0,0,0.6,0.4"
"6098.0,1.0,1.0,1,0.39,0.61"
"6099.0,1.0,0.0,0,0.57,0.43"
"6103.0,1.0,0.0,0,0.53,0.47"
"6113.0,1.0,0.0,0,0.56,0.44"
"6114.0,1.0,1.0,1,0.46,0.54"
"6117.0,1.0,0.0,0,0.56,0.44"
"6118.0,1.0,0.0,0,0.53,0.47"
"6119.0,1.0,1.0,1,0.37,0.63"
"6120.0,1.0,0.0,0,0.6,0.4"
"6121.0,1.0,0.0,0,0.52,0.48"
"6126.0,1.0,1.0,1,0.47,0.53"
"6134.0,1.0,0.0,0,0.55,0.45"
"6137.0,1.0,1.0,1,0.48,0.52"
"6138.0,1.0,1.0,1,0.48,0.52"
"6139.0,1.0,1.0,1,0.5,0.5"
"6140.0,1.0,1.0,1,0.48,0.52"
"6150.0,1.0,1.0,1,0.35,0.65"
"6153.0,1.0,0.0,0,0.6,0.4"
"6154.0,1.0,0.0,0,0.59,0.41"
"6159.0,1.0,1.0,1,0.39,0.61"
"6163.0,1.0,1.0,1,0.41,0.59"
"6171.0,1.0,1.0,1,0.44,0.56"
"6178.0,1.0,1.0,1,0.44,0.56"
"6180.0,1.0,0.0,0,0.58,0.42"
"6181.0,1.0,0.0,0,0.56,0.44"
"6182.0,1.0,0.0,0,0.55,0.45"
"6185.0,1.0,0.0,0,0.57,0.43"
"6186.0,1.0,0.0,0,0.55,0.45"
"6191.0,1.0,0.0,0,0.57,0.43"
"6192.0,1.0,1.0,1,0.37,0.63"
"6193.0,1.0,0.0,0,0.53,0.47"
"6196.0,1.0,1.0,1,0.15,0.85"
"6197.0,1.0,1.0,1,0.48,0.52"
"6198.0,1.0,0.0,0,0.51,0.49"
"6202.0,1.0,0.0,0,0.5,0.5"
"6204.0,1.0,1.0,1,0.5,0.5"
"6205.0,1.0,1.0,1,0.48,0.52"
"6208.0,1.0,1.0,1,0.39,0.61"
"6218.0,1.0,1.0,1,0.49,0.51"
"6220.0,1.0,1.0,1,0.49,0.51"
"6221.0,1.0,0.0,0,0.56,0.44"
"6225.0,1.0,1.0,1,0.5,0.5"
"6228.0,1.0,0.0,0,0.57,0.43"
"6239.0,1.0,1.0,1,0.43,0.57"
"6241.0,1.0,1.0,1,0.39,0.61"
"6251.0,1.0,1.0,1,0.4,0.6"
"6254.0,1.0,1.0,1,0.27,0.73"
"6257.0,1.0,0.0,0,0.54,0.46"
"6264.0,1.0,0.0,0,0.53,0.47"
"6266.0,1.0,0.0,0,0.53,0.47"
"6267.0,1.0,0.0,0,0.59,0.41"
"6271.0,1.0,0.0,0,0.57,0.43"
"6272.0,1.0,0.0,0,0.55,0.45"
"6273.0,1.0,1.0,1,0.47,0.53"
"6275.0,1.0,1.0,1,0.25,0.75"
"6282.0,1.0,0.0,0,0.51,0.49"
"6283.0,1.0,0.0,0,0.55,0.45"
"6284.0,1.0,1.0,1,0.44,0.56"
"6287.0,1.0,0.0,0,0.55,0.45"
"6290.0,1.0,0.0,0,0.56,0.44"
"6298.0,1.0,1.0,1,0.49,0.51"
"6299.0,1.0,1.0,1,0.46,0.54"
"6300.0,1.0,0.0,0,0.53,0.47"
"6302.0,1.0,0.0,0,0.5,0.5"
"6307.0,1.0,0.0,0,0.52,0.48"
"6310.0,1.0,0.0,0,0.62,0.38"
"6311.0,1.0,1.0,1,0.47,0.53"
"6312.0,1.0,0.0,0,0.52,0.48"
"6313.0,1.0,0.0,0,0.57,0.43"
"6315.0,1.0,0.0,0,0.54,0.46"
"6316.0,1.0,1.0,1,0.46,0.54"
"6317.0,1.0,1.0,1,0.42,0.58"
"6322.0,1.0,1.0,1,0.48,0.52"
"6325.0,1.0,1.0,1,0.46,0.54"
"6333.0,1.0,1.0,1,0.46,0.54"
"6334.0,1.0,1.0,1,0.37,0.63"
"6335.0,1.0,1.0,1,0.44,0.56"
"6336.0,1.0,0.0,0,0.56,0.44"
"6341.0,1.0,1.0,1,0.27,0.73"
"6343.0,1.0,1.0,1,0.5,0.5"
"6344.0,1.0,1.0,1,0.44,0.56"
"6345.0,1.0,1.0,1,0.49,0.51"
"6347.0,1.0,1.0,1,0.3,0.7"
"6355.0,1.0,0.0,0,0.5,0.5"
"6361.0,1.0,1.0,1,0.47,0.53"
"6362.0,1.0,0.0,0,0.51,0.49"
"6367.0,1.0,0.0,0,0.57,0.43"
"6368.0,1.0,0.0,0,0.56,0.44"
"6371.0,1.0,0.0,0,0.54,0.46"
"6372.0,1.0,0.0,0,0.52,0.48"
"6373.0,1.0,0.0,0,0.54,0.46"
"6374.0,1.0,0.0,0,0.53,0.47"
"6375.0,1.0,1.0,1,0.45,0.55"
"6377.0,1.0,1.0,1,0.39,0.61"
"6384.0,1.0,0.0,0,0.55,0.45"
"6391.0,1.0,1.0,1,0.45,0.55"
"6392.0,1.0,1.0,1,0.5,0.5"
"6393.0,1.0,1.0,1,0.46,0.54"
"6397.0,1.0,0.0,0,0.57,0.43"
"6398.0,1.0,1.0,1,0.41,0.59"
"6401.0,1.0,0.0,0,0.56,0.44"
"6411.0,1.0,0.0,0,0.57,0.43"
"6413.0,1.0,0.0,0,0.55,0.45"
"6415.0,1.0,0.0,0,0.54,0.46"
"6419.0,1.0,0.0,0,0.54,0.46"
"6420.0,1.0,0.0,0,0.58,0.42"
"6426.0,1.0,1.0,1,0.47,0.53"
"6427.0,1.0,1.0,1,0.43,0.57"
"6431.0,1.0,1.0,1,0.44,0.56"
"6432.0,1.0,0.0,0,0.52,0.48"
"6437.0,1.0,0.0,0,0.6,0.4"
"6442.0,1.0,1.0,1,0.46,0.54"
"6443.0,1.0,1.0,1,0.48,0.52"
"6447.0,1.0,0.0,0,0.59,0.41"
"6453.0,1.0,0.0,0,0.53,0.47"
"6457.0,1.0,1.0,1,0.45,0.55"
"6461.0,1.0,0.0,0,0.56,0.44"
"6462.0,1.0,0.0,0,0.58,0.42"
"6463.0,1.0,1.0,1,0.4,0.6"
"6465.0,1.0,1.0,1,0.43,0.57"
"6471.0,1.0,1.0,1,0.46,0.54"
"6474.0,1.0,0.0,0,0.52,0.48"
"6479.0,1.0,0.0,0,0.5,0.5"
"6481.0,1.0,1.0,1,0.42,0.58"
"6487.0,1.0,0.0,0,0.56,0.44"
"6491.0,1.0,1.0,1,0.45,0.55"
"6493.0,1.0,1.0,1,0.38,0.62"
"6497.0,1.0,1.0,1,0.48,0.52"
"6498.0,1.0,0.0,0,0.5,0.5"
"6500.0,1.0,1.0,1,0.47,0.53"
"6501.0,1.0,0.0,0,0.53,0.47"
"6502.0,1.0,0.0,0,0.55,0.45"
"6504.0,1.0,0.0,0,0.57,0.43"
"6509.0,1.0,1.0,1,0.5,0.5"
"6513.0,1.0,0.0,0,0.58,0.42"
"6518.0,1.0,0.0,0,0.53,0.47"
"6520.0,1.0,0.0,0,0.54,0.46"
"6521.0,1.0,1.0,1,0.33,0.67"
"6522.0,1.0,1.0,1,0.47,0.53"
"6524.0,1.0,0.0,0,0.58,0.42"
"6525.0,1.0,0.0,0,0.51,0.49"
"6529.0,1.0,1.0,1,0.46,0.54"
"6530.0,1.0,1.0,1,0.38,0.62"
"6532.0,1.0,0.0,0,0.53,0.47"
"6539.0,1.0,1.0,1,0.46,0.54"
"6545.0,1.0,1.0,1,0.49,0.51"
"6546.0,1.0,0.0,0,0.64,0.36"
"6553.0,1.0,1.0,1,0.37,0.63"
"6558.0,1.0,0.0,0,0.59,0.41"
"6561.0,1.0,0.0,0,0.53,0.47"
"6562.0,1.0,1.0,1,0.43,0.57"
"6566.0,1.0,0.0,0,0.55,0.45"
"6569.0,1.0,0.0,0,0.53,0.47"
"6572.0,1.0,0.0,0,0.56,0.44"
"6574.0,1.0,0.0,0,0.6,0.4"
"6580.0,1.0,0.0,0,0.54,0.46"
"6585.0,1.0,0.0,0,0.56,0.44"
"6587.0,1.0,1.0,1,0.5,0.5"
"6588.0,1.0,1.0,1,0.47,0.53"
"6589.0,1.0,1.0,1,0.45,0.55"
"6596.0,1.0,0.0,0,0.54,0.46"
"6600.0,1.0,0.0,0,0.51,0.49"
"6601.0,1.0,1.0,1,0.45,0.55"
"6607.0,1.0,1.0,1,0.42,0.58"
"6610.0,1.0,1.0,1,0.43,0.57"
"6611.0,1.0,0.0,0,0.53,0.47"
"6613.0,1.0,0.0,0,0.59,0.41"
"6625.0,1.0,0.0,0,0.52,0.48"
"6628.0,1.0,0.0,0,0.54,0.46"
"6630.0,1.0,1.0,1,0.44,0.56"
"6635.0,1.0,0.0,0,0.55,0.45"
"6637.0,1.0,1.0,1,0.43,0.57"
"6639.0,1.0,1.0,1,0.46,0.54"
"6643.0,1.0,0.0,0,0.6,0.4"
"6645.0,1.0,0.0,0,0.53,0.47"
"6646.0,1.0,0.0,0,0.54,0.46"
"6649.0,1.0,0.0,0,0.52,0.48"
"6652.0,1.0,1.0,1,0.49,0.51"
"6654.0,1.0,1.0,1,0.45,0.55"
"6664.0,1.0,0.0,0,0.58,0.42"
"6670.0,1.0,0.0,0,0.57,0.43"
"6674.0,1.0,0.0,0,0.56,0.44"
"6679.0,1.0,1.0,1,0.39,0.61"
"6681.0,1.0,0.0,0,0.53,0.47"
"6690.0,1.0,1.0,1,0.25,0.75"
"6695.0,1.0,0.0,0,0.55,0.45"
"6696.0,1.0,1.0,1,0.44,0.56"
"6698.0,1.0,1.0,1,0.47,0.53"
"6699.0,1.0,0.0,0,0.58,0.42"
"6700.0,1.0,1.0,1,0.48,0.52"
"6705.0,1.0,1.0,1,0.48,0.52"
"6708.0,1.0,1.0,1,0.49,0.51"
"6709.0,1.0,1.0,1,0.48,0.52"
"6716.0,1.0,1.0,1,0.4,0.6"
"6718.0,1.0,1.0,1,0.41,0.59"
"6719.0,1.0,0.0,0,0.59,0.41"
"6720.0,1.0,0.0,0,0.56,0.44"
"6728.0,1.0,1.0,1,0.5,0.5"
"6729.0,1.0,0.0,0,0.56,0.44"
"6731.0,1.0,0.0,0,0.52,0.48"
"6733.0,1.0,0.0,0,0.52,0.48"
"6735.0,1.0,0.0,0,0.58,0.42"
"6739.0,1.0,1.0,1,0.38,0.62"
"6745.0,1.0,1.0,1,0.43,0.57"
"6746.0,1.0,0.0,0,0.53,0.47"
"6747.0,1.0,1.0,1,0.47,0.53"
"6749.0,1.0,0.0,0,0.57,0.43"
"6753.0,1.0,1.0,1,0.49,0.51"
"6755.0,1.0,1.0,1,0.42,0.58"
"6758.0,1.0,1.0,1,0.48,0.52"
"6759.0,1.0,1.0,1,0.44,0.56"
"6761.0,1.0,0.0,0,0.52,0.48"
"6764.0,1.0,0.0,0,0.62,0.38"
"6766.0,1.0,1.0,1,0.45,0.55"
"6768.0,1.0,1.0,1,0.41,0.59"
"6773.0,1.0,1.0,1,0.48,0.52"
"6779.0,1.0,1.0,1,0.45,0.55"
"6786.0,1.0,0.0,0,0.56,0.44"
"6791.0,1.0,1.0,1,0.46,0.54"
"6794.0,1.0,0.0,0,0.5,0.5"
"6800.0,1.0,0.0,0,0.58,0.42"
"6805.0,1.0,1.0,1,0.44,0.56"
"6806.0,1.0,1.0,1,0.48,0.52"
"6821.0,1.0,0.0,0,0.5,0.5"
"6822.0,1.0,0.0,0,0.5,0.5"
"6824.0,1.0,1.0,1,0.47,0.53"
"6825.0,1.0,0.0,0,0.58,0.42"
"6835.0,1.0,0.0,0,0.52,0.48"
"6837.0,1.0,0.0,0,0.52,0.48"
"6839.0,1.0,0.0,0,0.51,0.49"
"6841.0,1.0,1.0,1,0.49,0.51"
"6844.0,1.0,0.0,0,0.53,0.47"
"6846.0,1.0,0.0,0,0.55,0.45"
"6860.0,1.0,1.0,1,0.41,0.59"
"6863.0,1.0,1.0,1,0.48,0.52"
"6865.0,1.0,0.0,0,0.6,0.4"
"6866.0,1.0,0.0,0,0.57,0.43"
"6867.0,1.0,1.0,1,0.48,0.52"
"6870.0,1.0,1.0,1,0.44,0.56"
"6876.0,1.0,1.0,1,0.47,0.53"
"6878.0,1.0,0.0,0,0.54,0.46"
"6881.0,1.0,0.0,0,0.55,0.45"
"6884.0,1.0,0.0,0,0.55,0.45"
"6890.0,1.0,1.0,1,0.48,0.52"
"6892.0,1.0,1.0,1,0.47,0.53"
"6894.0,1.0,1.0,1,0.48,0.52"
"6896.0,1.0,0.0,0,0.53,0.47"
"6900.0,1.0,1.0,1,0.45,0.55"
"6902.0,1.0,1.0,1,0.45,0.55"
"6904.0,1.0,0.0,0,0.55,0.45"
"6908.0,1.0,0.0,0,0.52,0.48"
"6909.0,1.0,0.0,0,0.52,0.48"
"6912.0,1.0,0.0,0,0.56,0.44"
"6915.0,1.0,0.0,0,0.58,0.42"
"6917.0,1.0,1.0,1,0.34,0.66"
"6919.0,1.0,1.0,1,0.48,0.52"
"6926.0,1.0,1.0,1,0.42,0.58"
"6928.0,1.0,1.0,1,0.45,0.55"
"6929.0,1.0,1.0,1,0.32,0.68"
"6932.0,1.0,0.0,0,0.62,0.38"
"6938.0,1.0,1.0,1,0.46,0.54"
"6940.0,1.0,0.0,0,0.56,0.44"
"6943.0,1.0,1.0,1,0.36,0.64"
"6945.0,1.0,0.0,0,0.55,0.45"
"6946.0,1.0,1.0,1,0.44,0.56"
"6949.0,1.0,1.0,1,0.48,0.52"
"6954.0,1.0,0.0,0,0.57,0.43"
"6958.0,1.0,0.0,0,0.54,0.46"
"6959.0,1.0,0.0,0,0.56,0.44"
"6960.0,1.0,0.0,0,0.57,0.43"
"6966.0,1.0,1.0,1,0.46,0.54"
"6967.0,1.0,0.0,0,0.65,0.35"
"6971.0,1.0,0.0,0,0.51,0.49"
"6979.0,1.0,0.0,0,0.54,0.46"
"6983.0,1.0,0.0,0,0.52,0.48"
"6992.0,1.0,1.0,1,0.46,0.54"
"6994.0,1.0,0.0,0,0.57,0.43"
"6997.0,1.0,1.0,1,0.35,0.65"
"6999.0,1.0,0.0,0,0.57,0.43"
"7004.0,1.0,0.0,0,0.56,0.44"
"7008.0,1.0,0.0,0,0.56,0.44"
"7009.0,1.0,0.0,0,0.54,0.46"
"7014.0,1.0,1.0,1,0.47,0.53"
"7022.0,1.0,0.0,0,0.56,0.44"
"7026.0,1.0,1.0,1,0.38,0.62"
"7029.0,1.0,1.0,1,0.44,0.56"
"7030.0,1.0,1.0,1,0.39,0.61"
"7040.0,1.0,1.0,1,0.44,0.56"
"7044.0,1.0,0.0,0,0.59,0.41"
"7048.0,1.0,0.0,0,0.56,0.44"
"7049.0,1.0,1.0,1,0.47,0.53"
"7051.0,1.0,1.0,1,0.4,0.6"
"7056.0,1.0,1.0,1,0.4,0.6"
"7057.0,1.0,0.0,0,0.51,0.49"
"7058.0,1.0,1.0,1,0.48,0.52"
"7061.0,1.0,0.0,0,0.6,0.4"
"7063.0,1.0,1.0,1,0.47,0.53"
"7072.0,1.0,1.0,1,0.43,0.57"
"7085.0,1.0,0.0,0,0.52,0.48"
"7087.0,1.0,1.0,1,0.5,0.5"
"7096.0,1.0,1.0,1,0.44,0.56"
"7104.0,1.0,0.0,0,0.55,0.45"
"7105.0,1.0,0.0,0,0.52,0.48"
"7108.0,1.0,1.0,1,0.47,0.53"
"7111.0,1.0,1.0,1,0.46,0.54"
"7112.0,1.0,0.0,0,0.52,0.48"
"7120.0,1.0,1.0,1,0.49,0.51"
"7124.0,1.0,0.0,0,0.59,0.41"
"7125.0,1.0,1.0,1,0.41,0.59"
"7126.0,1.0,1.0,1,0.47,0.53"
"7127.0,1.0,0.0,0,0.54,0.46"
"7128.0,1.0,1.0,1,0.48,0.52"
"7135.0,1.0,1.0,1,0.42,0.58"
"7141.0,1.0,1.0,1,0.41,0.59"
"7146.0,1.0,1.0,1,0.49,0.51"
"7147.0,1.0,1.0,1,0.36,0.64"
"7148.0,1.0,0.0,0,0.53,0.47"
"7150.0,1.0,1.0,1,0.44,0.56"
"7154.0,1.0,1.0,1,0.5,0.5"
"7155.0,1.0,0.0,0,0.57,0.43"
"7159.0,1.0,0.0,0,0.51,0.49"
"7162.0,1.0,1.0,1,0.39,0.61"
"7163.0,1.0,1.0,1,0.46,0.54"
"7164.0,1.0,0.0,0,0.54,0.46"
"7169.0,1.0,1.0,1,0.48,0.52"
"7173.0,1.0,1.0,1,0.44,0.56"
"7181.0,1.0,0.0,0,0.57,0.43"
"7183.0,1.0,1.0,1,0.48,0.52"
"7184.0,1.0,1.0,1,0.41,0.59"
"7185.0,1.0,1.0,1,0.45,0.55"
"7190.0,1.0,1.0,1,0.48,0.52"
"7196.0,1.0,1.0,1,0.49,0.51"
"7197.0,1.0,1.0,1,0.37,0.63"
"7198.0,1.0,0.0,0,0.53,0.47"
"7199.0,1.0,0.0,0,0.51,0.49"
"7201.0,1.0,1.0,1,0.43,0.57"
"7202.0,1.0,0.0,0,0.6,0.4"
"7207.0,1.0,0.0,0,0.55,0.45"
"7212.0,1.0,1.0,1,0.37,0.63"
"7214.0,1.0,1.0,1,0.43,0.57"
"7215.0,1.0,1.0,1,0.44,0.56"
"7217.0,1.0,0.0,0,0.53,0.47"
"7221.0,1.0,0.0,0,0.52,0.48"
"7222.0,1.0,1.0,1,0.43,0.57"
"7224.0,1.0,1.0,1,0.48,0.52"
"7235.0,1.0,1.0,1,0.43,0.57"
"7238.0,1.0,0.0,0,0.57,0.43"
"7241.0,1.0,0.0,0,0.57,0.43"
"7246.0,1.0,1.0,1,0.47,0.53"
"7251.0,1.0,0.0,0,0.55,0.45"
"7254.0,1.0,1.0,1,0.5,0.5"
"7256.0,1.0,0.0,0,0.5,0.5"
"7259.0,1.0,0.0,0,0.56,0.44"
"7260.0,1.0,1.0,1,0.45,0.55"
"7267.0,1.0,0.0,0,0.53,0.47"
"7269.0,1.0,1.0,1,0.35,0.65"
"7270.0,1.0,0.0,0,0.51,0.49"
"7271.0,1.0,0.0,0,0.55,0.45"
"7274.0,1.0,0.0,0,0.52,0.48"
"7280.0,1.0,1.0,1,0.5,0.5"
"7282.0,1.0,1.0,1,0.38,0.62"
"7285.0,1.0,0.0,0,0.58,0.42"
"7288.0,1.0,1.0,1,0.39,0.61"
"7292.0,1.0,0.0,0,0.51,0.49"
"7298.0,1.0,1.0,1,0.47,0.53"
"7300.0,1.0,1.0,1,0.45,0.55"
"7301.0,1.0,1.0,1,0.45,0.55"
"7303.0,1.0,1.0,1,0.49,0.51"
"7305.0,1.0,0.0,0,0.51,0.49"
"7307.0,1.0,1.0,1,0.38,0.62"
"7309.0,1.0,1.0,1,0.5,0.5"
"7315.0,1.0,0.0,0,0.5,0.5"
"7316.0,1.0,0.0,0,0.53,0.47"
"7319.0,1.0,0.0,0,0.52,0.48"
"7321.0,1.0,0.0,0,0.62,0.38"
"7322.0,1.0,0.0,0,0.58,0.42"
"7324.0,1.0,0.0,0,0.56,0.44"
"7328.0,1.0,1.0,1,0.44,0.56"
"7329.0,1.0,1.0,1,0.47,0.53"
"7330.0,1.0,0.0,0,0.57,0.43"
"7331.0,1.0,1.0,1,0.47,0.53"
"7337.0,1.0,1.0,1,0.41,0.59"
"7338.0,1.0,1.0,1,0.41,0.59"
"7343.0,1.0,1.0,1,0.33,0.67"
"7345.0,1.0,0.0,0,0.57,0.43"
"7346.0,1.0,1.0,1,0.39,0.61"
"7347.0,1.0,1.0,1,0.43,0.57"
"7348.0,1.0,0.0,0,0.56,0.44"
"7351.0,1.0,0.0,0,0.58,0.42"
"7352.0,1.0,0.0,0,0.57,0.43"
"7359.0,1.0,0.0,0,0.51,0.49"
"7361.0,1.0,0.0,0,0.6,0.4"
"7363.0,1.0,0.0,0,0.55,0.45"
"7364.0,1.0,1.0,1,0.4,0.6"
"7370.0,1.0,0.0,0,0.54,0.46"
"7374.0,1.0,0.0,0,0.55,0.45"
"7377.0,1.0,1.0,1,0.49,0.51"
"7378.0,1.0,1.0,1,0.43,0.57"
"7379.0,1.0,0.0,0,0.53,0.47"
"7381.0,1.0,0.0,0,0.51,0.49"
"7383.0,1.0,1.0,1,0.5,0.5"
"7385.0,1.0,1.0,1,0.48,0.52"
"7394.0,1.0,1.0,1,0.44,0.56"
"7395.0,1.0,0.0,0,0.51,0.49"
"7410.0,1.0,0.0,0,0.51,0.49"
"7412.0,1.0,0.0,0,0.51,0.49"
"7414.0,1.0,1.0,1,0.45,0.55"
"7415.0,1.0,1.0,1,0.39,0.61"
"7416.0,1.0,0.0,0,0.58,0.42"
"7424.0,1.0,1.0,1,0.49,0.51"
"7425.0,1.0,1.0,1,0.44,0.56"
"7427.0,1.0,0.0,0,0.56,0.44"
"7435.0,1.0,1.0,1,0.49,0.51"
"7436.0,1.0,1.0,1,0.49,0.51"
"7439.0,1.0,1.0,1,0.35,0.65"
"7443.0,1.0,1.0,1,0.5,0.5"
"7444.0,1.0,0.0,0,0.53,0.47"
"7447.0,1.0,1.0,1,0.41,0.59"
"7454.0,1.0,0.0,0,0.52,0.48"
"7458.0,1.0,1.0,1,0.4,0.6"
"7459.0,1.0,1.0,1,0.38,0.62"
"7460.0,1.0,1.0,1,0.42,0.58"
"7463.0,1.0,0.0,0,0.56,0.44"
"7469.0,1.0,0.0,0,0.54,0.46"
"7471.0,1.0,0.0,0,0.54,0.46"
"7473.0,1.0,0.0,0,0.58,0.42"
"7474.0,1.0,0.0,0,0.5,0.5"
"7481.0,1.0,0.0,0,0.56,0.44"
"7482.0,1.0,1.0,1,0.5,0.5"
"7483.0,1.0,1.0,1,0.37,0.63"
"7485.0,1.0,1.0,1,0.46,0.54"
"7487.0,1.0,0.0,0,0.55,0.45"
"7489.0,1.0,1.0,1,0.43,0.57"
"7491.0,1.0,0.0,0,0.55,0.45"
"7503.0,1.0,0.0,0,0.56,0.44"
"7504.0,1.0,0.0,0,0.57,0.43"
"7506.0,1.0,0.0,0,0.52,0.48"
"7507.0,1.0,1.0,1,0.4,0.6"
"7509.0,1.0,0.0,0,0.51,0.49"
"7511.0,1.0,0.0,0,0.93,0.07"
"7514.0,1.0,1.0,1,0.47,0.53"
"7518.0,1.0,1.0,1,0.46,0.54"
"7519.0,1.0,1.0,1,0.42,0.58"
"7531.0,1.0,1.0,1,0.48,0.52"
"7532.0,1.0,0.0,0,0.54,0.46"
"7541.0,1.0,1.0,1,0.44,0.56"
"7542.0,1.0,1.0,1,0.41,0.59"
"7545.0,1.0,0.0,0,0.51,0.49"
"7547.0,1.0,0.0,0,0.55,0.45"
"7550.0,1.0,1.0,1,0.42,0.58"
"7551.0,1.0,1.0,1,0.41,0.59"
"7554.0,1.0,0.0,0,0.53,0.47"
"7558.0,1.0,0.0,0,0.51,0.49"
"7566.0,1.0,1.0,1,0.5,0.5"
"7576.0,1.0,1.0,1,0.49,0.51"
"7582.0,1.0,0.0,0,0.55,0.45"
"7591.0,1.0,1.0,1,0.37,0.63"
"7594.0,1.0,0.0,0,0.52,0.48"
"7602.0,1.0,0.0,0,0.59,0.41"
"7603.0,1.0,0.0,0,0.6,0.4"
"7605.0,1.0,0.0,0,0.56,0.44"
"7608.0,1.0,1.0,1,0.41,0.59"
"7611.0,1.0,0.0,0,0.55,0.45"
"7612.0,1.0,0.0,0,0.59,0.41"
"7613.0,1.0,1.0,1,0.5,0.5"
"7615.0,1.0,0.0,0,0.58,0.42"
"7617.0,1.0,0.0,0,0.5,0.5"
"7619.0,1.0,1.0,1,0.47,0.53"
"7622.0,1.0,1.0,1,0.4,0.6"
"7625.0,1.0,0.0,0,0.58,0.42"
"7633.0,1.0,0.0,0,0.55,0.45"
"7635.0,1.0,1.0,1,0.41,0.59"
"7650.0,1.0,1.0,1,0.4,0.6"
"7651.0,1.0,1.0,1,0.45,0.55"
"7654.0,1.0,0.0,0,0.54,0.46"
"7656.0,1.0,0.0,0,0.52,0.48"
"7662.0,1.0,0.0,0,0.59,0.41"
"7663.0,1.0,1.0,1,0.49,0.51"
"7666.0,1.0,1.0,1,0.34,0.66"
"7674.0,1.0,0.0,0,0.52,0.48"
"7675.0,1.0,1.0,1,0.48,0.52"
"7682.0,1.0,1.0,1,0.48,0.52"
"7685.0,1.0,1.0,1,0.5,0.5"
"7692.0,1.0,0.0,0,0.54,0.46"
"7693.0,1.0,0.0,0,0.53,0.47"
"7694.0,1.0,1.0,1,0.44,0.56"
"7697.0,1.0,0.0,0,0.5,0.5"
"7698.0,1.0,0.0,0,0.54,0.46"
"7699.0,1.0,1.0,1,0.49,0.51"
"7703.0,1.0,0.0,0,0.53,0.47"
"7704.0,1.0,0.0,0,0.56,0.44"
"7707.0,1.0,1.0,1,0.49,0.51"
"7708.0,1.0,1.0,1,0.46,0.54"
"7709.0,1.0,0.0,0,0.58,0.42"
"7710.0,1.0,1.0,1,0.48,0.52"
"7718.0,1.0,1.0,1,0.42,0.58"
"7722.0,1.0,0.0,0,0.57,0.43"
"7724.0,1.0,0.0,0,0.6,0.4"
"7725.0,1.0,1.0,1,0.47,0.53"
"7727.0,1.0,1.0,1,0.46,0.54"
"7730.0,1.0,1.0,1,0.32,0.68"
"7731.0,1.0,1.0,1,0.43,0.57"
"7736.0,1.0,0.0,0,0.58,0.42"
"7742.0,1.0,1.0,1,0.44,0.56"
"7745.0,1.0,1.0,1,0.33,0.67"
"7748.0,1.0,0.0,0,0.55,0.45"
"7758.0,1.0,1.0,1,0.45,0.55"
"7763.0,1.0,0.0,0,0.53,0.47"
"7764.0,1.0,0.0,0,0.54,0.46"
"7765.0,1.0,1.0,1,0.39,0.61"
"7766.0,1.0,0.0,0,0.58,0.42"
"7768.0,1.0,0.0,0,0.54,0.46"
"7769.0,1.0,0.0,0,0.5,0.5"
"7770.0,1.0,1.0,1,0.48,0.52"
"7772.0,1.0,0.0,0,0.51,0.49"
"7775.0,1.0,1.0,1,0.5,0.5"
"7777.0,1.0,1.0,1,0.46,0.54"
"7778.0,1.0,1.0,1,0.47,0.53"
"7783.0,1.0,1.0,1,0.45,0.55"
"7784.0,1.0,1.0,1,0.42,0.58"
"7790.0,1.0,0.0,0,0.55,0.45"
"7791.0,1.0,1.0,1,0.41,0.59"
"7792.0,1.0,1.0,1,0.5,0.5"
"7794.0,1.0,1.0,1,0.37,0.63"
"7810.0,1.0,0.0,0,0.54,0.46"
"7813.0,1.0,0.0,0,0.52,0.48"
"7818.0,1.0,1.0,1,0.49,0.51"
"7819.0,1.0,1.0,1,0.5,0.5"
"7822.0,1.0,1.0,1,0.47,0.53"
"7823.0,1.0,1.0,1,0.39,0.61"
"7827.0,1.0,0.0,0,0.59,0.41"
"7841.0,1.0,0.0,0,0.54,0.46"
"7843.0,1.0,1.0,1,0.48,0.52"
"7844.0,1.0,1.0,1,0.49,0.51"
"7845.0,1.0,1.0,1,0.45,0.55"
"7846.0,1.0,1.0,1,0.48,0.52"
"7852.0,1.0,0.0,0,0.58,0.42"
"7854.0,1.0,1.0,1,0.5,0.5"
"7855.0,1.0,1.0,1,0.33,0.67"
"7856.0,1.0,1.0,1,0.46,0.54"
"7858.0,1.0,1.0,1,0.42,0.58"
"7863.0,1.0,0.0,0,0.5,0.5"
"7865.0,1.0,1.0,1,0.49,0.51"
"7870.0,1.0,1.0,1,0.44,0.56"
"7871.0,1.0,0.0,0,0.54,0.46"
"7874.0,1.0,0.0,0,0.56,0.44"
"7878.0,1.0,0.0,0,0.58,0.42"
"7879.0,1.0,0.0,0,0.57,0.43"
"7880.0,1.0,1.0,1,0.41,0.59"
"7882.0,1.0,1.0,1,0.48,0.52"
"7884.0,1.0,1.0,1,0.48,0.52"
"7885.0,1.0,0.0,0,0.54,0.46"
"7887.0,1.0,0.0,0,0.57,0.43"
"7891.0,1.0,1.0,1,0.47,0.53"
"7893.0,1.0,1.0,1,0.45,0.55"
"7902.0,1.0,0.0,0,0.56,0.44"
"7906.0,1.0,1.0,1,0.41,0.59"
"7909.0,1.0,1.0,1,0.45,0.55"
"7910.0,1.0,0.0,0,0.54,0.46"
"7911.0,1.0,0.0,0,0.5,0.5"
"7927.0,1.0,1.0,1,0.33,0.67"
"7928.0,1.0,1.0,1,0.5,0.5"
"7932.0,1.0,0.0,0,0.57,0.43"
"7936.0,1.0,1.0,1,0.47,0.53"
"7937.0,1.0,0.0,0,0.52,0.48"
"7941.0,1.0,1.0,1,0.43,0.57"
"7942.0,1.0,1.0,1,0.45,0.55"
"7943.0,1.0,0.0,0,0.52,0.48"
"7944.0,1.0,0.0,0,0.53,0.47"
"7945.0,1.0,1.0,1,0.42,0.58"
"7948.0,1.0,0.0,0,0.6,0.4"
"7950.0,1.0,1.0,1,0.47,0.53"
"7952.0,1.0,1.0,1,0.48,0.52"
"7954.0,1.0,1.0,1,0.41,0.59"
"7955.0,1.0,1.0,1,0.32,0.68"
"7956.0,1.0,0.0,0,0.66,0.34"
"7957.0,1.0,1.0,1,0.48,0.52"
"7958.0,1.0,0.0,0,0.61,0.39"
"7960.0,1.0,0.0,0,0.54,0.46"
"7964.0,1.0,1.0,1,0.44,0.56"
"7965.0,1.0,0.0,0,0.54,0.46"
"7967.0,1.0,1.0,1,0.48,0.52"
"7969.0,1.0,0.0,0,0.58,0.42"
"7977.0,1.0,0.0,0,0.54,0.46"
"7982.0,1.0,1.0,1,0.5,0.5"
"7989.0,1.0,0.0,0,0.57,0.43"
"7996.0,1.0,1.0,1,0.29,0.71"
"8002.0,1.0,0.0,0,0.53,0.47"
"8005.0,1.0,1.0,1,0.43,0.57"
"8006.0,1.0,0.0,0,0.54,0.46"
"8007.0,1.0,1.0,1,0.43,0.57"
"8011.0,1.0,0.0,0,0.59,0.41"
"8013.0,1.0,0.0,0,0.56,0.44"
"8018.0,1.0,0.0,0,0.51,0.49"
"8022.0,1.0,0.0,0,0.53,0.47"
"8027.0,1.0,1.0,1,0.44,0.56"
"8029.0,1.0,1.0,1,0.49,0.51"
"8036.0,1.0,1.0,1,0.41,0.59"
"8039.0,1.0,0.0,0,0.58,0.42"
"8051.0,1.0,0.0,0,0.51,0.49"
"8055.0,1.0,0.0,0,0.54,0.46"
"8063.0,1.0,0.0,0,0.5,0.5"
"8070.0,1.0,1.0,1,0.42,0.58"
"8078.0,1.0,0.0,0,0.6,0.4"
"8085.0,1.0,1.0,1,0.49,0.51"
"8086.0,1.0,0.0,0,0.56,0.44"
"8090.0,1.0,0.0,0,0.58,0.42"
"8091.0,1.0,0.0,0,0.51,0.49"
"8093.0,1.0,0.0,0,0.56,0.44"
"8095.0,1.0,0.0,0,0.53,0.47"
"8096.0,1.0,0.0,0,0.52,0.48"
"8097.0,1.0,0.0,0,0.58,0.42"
"8100.0,1.0,1.0,1,0.45,0.55"
"8113.0,1.0,0.0,0,0.54,0.46"
"8118.0,1.0,0.0,0,0.56,0.44"
"8122.0,1.0,0.0,0,0.51,0.49"
"8126.0,1.0,0.0,0,0.55,0.45"
"8128.0,1.0,0.0,0,0.56,0.44"
"8129.0,1.0,0.0,0,0.67,0.33"
"8131.0,1.0,0.0,0,0.54,0.46"
"8134.0,1.0,1.0,1,0.38,0.62"
"8138.0,1.0,0.0,0,0.55,0.45"
"8144.0,1.0,0.0,0,0.53,0.47"
"8145.0,1.0,1.0,1,0.5,0.5"
"8146.0,1.0,1.0,1,0.45,0.55"
"8150.0,1.0,1.0,1,0.41,0.59"
"8154.0,1.0,0.0,0,0.52,0.48"
"8157.0,1.0,0.0,0,0.5,0.5"
"8160.0,1.0,0.0,0,0.6,0.4"
"8162.0,1.0,0.0,0,0.57,0.43"
"8164.0,1.0,1.0,1,0.38,0.62"
"8166.0,1.0,1.0,1,0.42,0.58"
"8171.0,1.0,0.0,0,0.53,0.47"
"8176.0,1.0,0.0,0,0.57,0.43"
"8180.0,1.0,1.0,1,0.32,0.68"
"8181.0,1.0,0.0,0,0.54,0.46"
"8184.0,1.0,1.0,1,0.47,0.53"
"8188.0,1.0,0.0,0,0.55,0.45"
"8192.0,1.0,1.0,1,0.49,0.51"
"8194.0,1.0,1.0,1,0.42,0.58"
"8197.0,1.0,1.0,1,0.37,0.63"
"8198.0,1.0,0.0,0,0.54,0.46"
"8199.0,1.0,0.0,0,0.52,0.48"
"8200.0,1.0,0.0,0,0.52,0.48"
"8202.0,1.0,0.0,0,0.56,0.44"
"8208.0,1.0,1.0,1,0.45,0.55"
"8215.0,1.0,0.0,0,0.54,0.46"
"8217.0,1.0,1.0,1,0.46,0.54"
"8218.0,1.0,0.0,0,0.52,0.48"
"8227.0,1.0,1.0,1,0.4,0.6"
"8228.0,1.0,0.0,0,0.54,0.46"
"8231.0,1.0,1.0,1,0.48,0.52"
"8234.0,1.0,0.0,0,0.52,0.48"
"8237.0,1.0,0.0,0,0.57,0.43"
"8238.0,1.0,1.0,1,0.46,0.54"
"8239.0,1.0,1.0,1,0.49,0.51"
"8240.0,1.0,1.0,1,0.46,0.54"
"8243.0,1.0,0.0,0,0.53,0.47"
"8248.0,1.0,0.0,0,0.54,0.46"
"8254.0,1.0,1.0,1,0.43,0.57"
"8262.0,1.0,1.0,1,0.45,0.55"
"8266.0,1.0,1.0,1,0.49,0.51"
"8270.0,1.0,0.0,0,0.54,0.46"
"8271.0,1.0,0.0,0,0.53,0.47"
"8274.0,1.0,1.0,1,0.44,0.56"
"8277.0,1.0,0.0,0,0.63,0.37"
"8279.0,1.0,1.0,1,0.41,0.59"
"8280.0,1.0,0.0,0,0.56,0.44"
"8281.0,1.0,0.0,0,0.52,0.48"
"8289.0,1.0,1.0,1,0.41,0.59"
"8295.0,1.0,0.0,0,0.52,0.48"
"8297.0,1.0,0.0,0,0.5,0.5"
"8298.0,1.0,1.0,1,0.45,0.55"
"8299.0,1.0,0.0,0,0.56,0.44"
"8302.0,1.0,0.0,0,0.58,0.42"
"8309.0,1.0,0.0,0,0.56,0.44"
"8321.0,1.0,1.0,1,0.47,0.53"
"8325.0,1.0,1.0,1,0.39,0.61"
"8327.0,1.0,0.0,0,0.56,0.44"
"8330.0,1.0,0.0,0,0.55,0.45"
"8333.0,1.0,0.0,0,0.52,0.48"
"8334.0,1.0,1.0,1,0.39,0.61"
"8335.0,1.0,1.0,1,0.44,0.56"
"8336.0,1.0,0.0,0,0.54,0.46"
"8338.0,1.0,0.0,0,0.56,0.44"
"8341.0,1.0,0.0,0,0.51,0.49"
"8347.0,1.0,1.0,1,0.41,0.59"
"8349.0,1.0,0.0,0,0.56,0.44"
"8350.0,1.0,1.0,1,0.46,0.54"
"8357.0,1.0,0.0,0,0.59,0.41"
"8362.0,1.0,1.0,1,0.44,0.56"
"8369.0,1.0,1.0,1,0.5,0.5"
"8375.0,1.0,0.0,0,0.55,0.45"
"8376.0,1.0,1.0,1,0.42,0.58"
"8377.0,1.0,1.0,1,0.45,0.55"
"8378.0,1.0,1.0,1,0.42,0.58"
"8381.0,1.0,0.0,0,0.5,0.5"
"8388.0,1.0,1.0,1,0.47,0.53"
"8390.0,1.0,1.0,1,0.42,0.58"
"8395.0,1.0,0.0,0,0.57,0.43"
"8396.0,1.0,1.0,1,0.41,0.59"
"8397.0,1.0,0.0,0,0.67,0.33"
"8399.0,1.0,0.0,0,0.55,0.45"
"8402.0,1.0,1.0,1,0.46,0.54"
"8415.0,1.0,1.0,1,0.48,0.52"
"8420.0,1.0,0.0,0,0.55,0.45"
"8422.0,1.0,1.0,1,0.46,0.54"
"8428.0,1.0,1.0,1,0.48,0.52"
"8430.0,1.0,1.0,1,0.45,0.55"
"8431.0,1.0,1.0,1,0.38,0.62"
"8432.0,1.0,1.0,1,0.46,0.54"
"8442.0,1.0,0.0,0,0.54,0.46"
"8446.0,1.0,1.0,1,0.49,0.51"
"8447.0,1.0,1.0,1,0.33,0.67"
"8449.0,1.0,0.0,0,0.6,0.4"
"8451.0,1.0,1.0,1,0.41,0.59"
"8452.0,1.0,0.0,0,0.59,0.41"
"8455.0,1.0,1.0,1,0.49,0.51"
"8462.0,1.0,1.0,1,0.47,0.53"
"8467.0,1.0,1.0,1,0.4,0.6"
"8468.0,1.0,0.0,0,0.52,0.48"
"8469.0,1.0,0.0,0,0.58,0.42"
"8470.0,1.0,0.0,0,0.6,0.4"
"8471.0,1.0,1.0,1,0.44,0.56"
"8474.0,1.0,0.0,0,0.53,0.47"
"8478.0,1.0,1.0,1,0.43,0.57"
"8481.0,1.0,1.0,1,0.41,0.59"
"8484.0,1.0,1.0,1,0.36,0.64"
"8485.0,1.0,1.0,1,0.47,0.53"
"8491.0,1.0,0.0,0,0.51,0.49"
"8492.0,1.0,1.0,1,0.46,0.54"
"8496.0,1.0,0.0,0,0.53,0.47"
"8500.0,1.0,1.0,1,0.45,0.55"
"8502.0,1.0,1.0,1,0.41,0.59"
"8506.0,1.0,0.0,0,0.57,0.43"
"8511.0,1.0,0.0,0,0.53,0.47"
"8512.0,1.0,1.0,1,0.33,0.67"
"8516.0,1.0,1.0,1,0.42,0.58"
"8519.0,1.0,1.0,1,0.46,0.54"
"8520.0,1.0,1.0,1,0.48,0.52"
"8523.0,1.0,1.0,1,0.47,0.53"
"8528.0,1.0,1.0,1,0.45,0.55"
"8529.0,1.0,0.0,0,0.52,0.48"
"8530.0,1.0,1.0,1,0.47,0.53"
"8532.0,1.0,1.0,1,0.46,0.54"
"8537.0,1.0,0.0,0,0.54,0.46"
"8538.0,1.0,1.0,1,0.46,0.54"
"8540.0,1.0,0.0,0,0.5,0.5"
"8547.0,1.0,0.0,0,0.58,0.42"
"8548.0,1.0,1.0,1,0.5,0.5"
"8555.0,1.0,0.0,0,0.54,0.46"
"8558.0,1.0,1.0,1,0.35,0.65"
"8559.0,1.0,1.0,1,0.38,0.62"
"8564.0,1.0,1.0,1,0.35,0.65"
"8567.0,1.0,1.0,1,0.4,0.6"
"8568.0,1.0,0.0,0,0.51,0.49"
"8569.0,1.0,1.0,1,0.35,0.65"
"8570.0,1.0,1.0,1,0.4,0.6"
"8579.0,1.0,1.0,1,0.36,0.64"
"8582.0,1.0,0.0,0,0.56,0.44"
"8583.0,1.0,0.0,0,0.51,0.49"
"8585.0,1.0,0.0,0,0.54,0.46"
"8586.0,1.0,1.0,1,0.49,0.51"
"8587.0,1.0,0.0,0,0.56,0.44"
"8590.0,1.0,1.0,1,0.42,0.58"
"8591.0,1.0,0.0,0,0.6,0.4"
"8596.0,1.0,1.0,1,0.44,0.56"
"8597.0,1.0,1.0,1,0.44,0.56"
"8600.0,1.0,0.0,0,0.59,0.41"
"8606.0,1.0,0.0,0,0.52,0.48"
"8607.0,1.0,1.0,1,0.41,0.59"
"8609.0,1.0,1.0,1,0.46,0.54"
"8612.0,1.0,0.0,0,0.54,0.46"
"8615.0,1.0,0.0,0,0.56,0.44"
"8633.0,1.0,1.0,1,0.43,0.57"
"8634.0,1.0,0.0,0,0.56,0.44"
"8635.0,1.0,1.0,1,0.49,0.51"
"8636.0,1.0,0.0,0,0.53,0.47"
"8639.0,1.0,1.0,1,0.31,0.69"
"8640.0,1.0,1.0,1,0.48,0.52"
"8651.0,1.0,1.0,1,0.47,0.53"
"8658.0,1.0,1.0,1,0.46,0.54"
"8666.0,1.0,1.0,1,0.45,0.55"
"8668.0,1.0,0.0,0,0.55,0.45"
"8669.0,1.0,1.0,1,0.37,0.63"
"8671.0,1.0,1.0,1,0.4,0.6"
"8676.0,1.0,1.0,1,0.45,0.55"
"8680.0,1.0,0.0,0,0.52,0.48"
"8682.0,1.0,1.0,1,0.48,0.52"
"8684.0,1.0,1.0,1,0.48,0.52"
"8690.0,1.0,0.0,0,0.51,0.49"
"8693.0,1.0,1.0,1,0.43,0.57"
"8696.0,1.0,1.0,1,0.48,0.52"
"8700.0,1.0,1.0,1,0.46,0.54"
"8702.0,1.0,0.0,0,0.55,0.45"
"8707.0,1.0,1.0,1,0.46,0.54"
"8709.0,1.0,1.0,1,0.5,0.5"
"8715.0,1.0,1.0,1,0.41,0.59"
"8719.0,1.0,1.0,1,0.46,0.54"
"8727.0,1.0,1.0,1,0.41,0.59"
"8734.0,1.0,0.0,0,0.54,0.46"
"8739.0,1.0,0.0,0,0.59,0.41"
"8744.0,1.0,1.0,1,0.47,0.53"
"8745.0,1.0,0.0,0,0.51,0.49"
"8746.0,1.0,1.0,1,0.41,0.59"
"8747.0,1.0,1.0,1,0.5,0.5"
"8750.0,1.0,1.0,1,0.47,0.53"
"8753.0,1.0,0.0,0,0.51,0.49"
"8754.0,1.0,1.0,1,0.47,0.53"
"8760.0,1.0,1.0,1,0.48,0.52"
"8766.0,1.0,0.0,0,0.53,0.47"
"8767.0,1.0,1.0,1,0.36,0.64"
"8768.0,1.0,0.0,0,0.58,0.42"
"8774.0,1.0,0.0,0,0.57,0.43"
"8780.0,1.0,1.0,1,0.47,0.53"
"8781.0,1.0,1.0,1,0.43,0.57"
"8792.0,1.0,0.0,0,0.54,0.46"
"8796.0,1.0,0.0,0,0.51,0.49"
"8807.0,1.0,0.0,0,0.56,0.44"
"8810.0,1.0,1.0,1,0.47,0.53"
"8817.0,1.0,1.0,1,0.44,0.56"
"8820.0,1.0,1.0,1,0.4,0.6"
"8823.0,1.0,1.0,1,0.46,0.54"
"8826.0,1.0,0.0,0,0.54,0.46"
"8832.0,1.0,0.0,0,0.54,0.46"
"8833.0,1.0,1.0,1,0.47,0.53"
"8834.0,1.0,1.0,1,0.46,0.54"
"8836.0,1.0,1.0,1,0.49,0.51"
"8837.0,1.0,0.0,0,0.51,0.49"
"8838.0,1.0,1.0,1,0.43,0.57"
"8839.0,1.0,1.0,1,0.48,0.52"
"8842.0,1.0,0.0,0,0.55,0.45"
"8846.0,1.0,0.0,0,0.54,0.46"
"8850.0,1.0,0.0,0,0.56,0.44"
"8851.0,1.0,0.0,0,0.52,0.48"
"8859.0,1.0,1.0,1,0.39,0.61"
"8863.0,1.0,1.0,1,0.45,0.55"
"8868.0,1.0,1.0,1,0.45,0.55"
"8870.0,1.0,1.0,1,0.44,0.56"
"8871.0,1.0,1.0,1,0.47,0.53"
"8872.0,1.0,1.0,1,0.41,0.59"
"8873.0,1.0,0.0,0,0.56,0.44"
"8877.0,1.0,0.0,0,0.54,0.46"
"8881.0,1.0,0.0,0,0.53,0.47"
"8882.0,1.0,0.0,0,0.54,0.46"
"8883.0,1.0,1.0,1,0.34,0.66"
"8884.0,1.0,1.0,1,0.46,0.54"
"8888.0,1.0,0.0,0,0.56,0.44"
"8889.0,1.0,1.0,1,0.41,0.59"
"8893.0,1.0,1.0,1,0.42,0.58"
"8894.0,1.0,0.0,0,0.5,0.5"
"8899.0,1.0,1.0,1,0.41,0.59"
"8901.0,1.0,0.0,0,0.54,0.46"
"8905.0,1.0,1.0,1,0.48,0.52"
"8906.0,1.0,1.0,1,0.45,0.55"
"8909.0,1.0,1.0,1,0.49,0.51"
"8911.0,1.0,1.0,1,0.5,0.5"
"8919.0,1.0,0.0,0,0.52,0.48"
"8921.0,1.0,0.0,0,0.52,0.48"
"8924.0,1.0,0.0,0,0.56,0.44"
"8926.0,1.0,1.0,1,0.38,0.62"
"8928.0,1.0,1.0,1,0.48,0.52"
"8931.0,1.0,1.0,1,0.46,0.54"
"8932.0,1.0,0.0,0,0.57,0.43"
"8933.0,1.0,0.0,0,0.58,0.42"
"8940.0,1.0,1.0,1,0.45,0.55"
"8941.0,1.0,0.0,0,0.55,0.45"
"8943.0,1.0,0.0,0,0.54,0.46"
"8947.0,1.0,1.0,1,0.43,0.57"
"8957.0,1.0,1.0,1,0.49,0.51"
"8958.0,1.0,1.0,1,0.38,0.62"
"8964.0,1.0,0.0,0,0.6,0.4"
"8965.0,1.0,1.0,1,0.44,0.56"
"8969.0,1.0,0.0,0,0.58,0.42"
"8970.0,1.0,1.0,1,0.49,0.51"
"8971.0,1.0,0.0,0,0.52,0.48"
"8975.0,1.0,0.0,0,0.52,0.48"
"8989.0,1.0,0.0,0,0.52,0.48"
"8990.0,1.0,1.0,1,0.44,0.56"
"8995.0,1.0,1.0,1,0.47,0.53"
"8996.0,1.0,1.0,1,0.49,0.51"
"8998.0,1.0,0.0,0,0.52,0.48"
"8999.0,1.0,0.0,0,0.64,0.36"
"9000.0,1.0,0.0,0,0.55,0.45"
"9014.0,1.0,1.0,1,0.45,0.55"
"9015.0,1.0,1.0,1,0.31,0.69"
"9019.0,1.0,0.0,0,0.54,0.46"
"9027.0,1.0,0.0,0,0.52,0.48"
"9028.0,1.0,0.0,0,0.54,0.46"
"9029.0,1.0,1.0,1,0.38,0.62"
"9030.0,1.0,1.0,1,0.49,0.51"
"9031.0,1.0,1.0,1,0.46,0.54"
"9033.0,1.0,1.0,1,0.46,0.54"
"9036.0,1.0,0.0,0,0.52,0.48"
"9037.0,1.0,0.0,0,0.58,0.42"
"9038.0,1.0,0.0,0,0.51,0.49"
"9039.0,1.0,1.0,1,0.45,0.55"
"9040.0,1.0,0.0,0,0.54,0.46"
"9044.0,1.0,1.0,1,0.45,0.55"
"9045.0,1.0,0.0,0,0.54,0.46"
"9054.0,1.0,0.0,0,0.6,0.4"
"9056.0,1.0,0.0,0,0.51,0.49"
"9060.0,1.0,0.0,0,0.56,0.44"
"9065.0,1.0,1.0,1,0.49,0.51"
"9068.0,1.0,0.0,0,0.56,0.44"
"9074.0,1.0,1.0,1,0.5,0.5"
"9078.0,1.0,0.0,0,0.55,0.45"
"9079.0,1.0,1.0,1,0.48,0.52"
"9080.0,1.0,0.0,0,0.54,0.46"
"9081.0,1.0,1.0,1,0.48,0.52"
"9083.0,1.0,1.0,1,0.31,0.69"
"9087.0,1.0,1.0,1,0.48,0.52"
"9091.0,1.0,1.0,1,0.36,0.64"
"9092.0,1.0,1.0,1,0.45,0.55"
"9094.0,1.0,0.0,0,0.52,0.48"
"9098.0,1.0,1.0,1,0.48,0.52"
"9109.0,1.0,1.0,1,0.44,0.56"
"9110.0,1.0,1.0,1,0.47,0.53"
"9114.0,1.0,0.0,0,0.53,0.47"
"9116.0,1.0,0.0,0,0.59,0.41"
"9118.0,1.0,0.0,0,0.67,0.33"
"9126.0,1.0,0.0,0,0.54,0.46"
"9138.0,1.0,0.0,0,0.58,0.42"
"9144.0,1.0,1.0,1,0.41,0.59"
"9145.0,1.0,1.0,1,0.48,0.52"
"9149.0,1.0,1.0,1,0.47,0.53"
"9155.0,1.0,0.0,0,0.52,0.48"
"9157.0,1.0,0.0,0,0.55,0.45"
"9162.0,1.0,0.0,0,0.52,0.48"
"9165.0,1.0,1.0,1,0.48,0.52"
"9173.0,1.0,0.0,0,0.57,0.43"
"9177.0,1.0,0.0,0,0.53,0.47"
"9179.0,1.0,1.0,1,0.46,0.54"
"9181.0,1.0,0.0,0,0.58,0.42"
"9182.0,1.0,0.0,0,0.52,0.48"
"9183.0,1.0,1.0,1,0.45,0.55"
"9186.0,1.0,0.0,0,0.55,0.45"
"9188.0,1.0,1.0,1,0.39,0.61"
"9189.0,1.0,0.0,0,0.53,0.47"
"9192.0,1.0,1.0,1,0.44,0.56"
"9194.0,1.0,1.0,1,0.47,0.53"
"9197.0,1.0,1.0,1,0.45,0.55"
"9199.0,1.0,0.0,0,0.67,0.33"
"9201.0,1.0,1.0,1,0.5,0.5"
"9206.0,1.0,1.0,1,0.49,0.51"
"9207.0,1.0,1.0,1,0.49,0.51"
"9209.0,1.0,0.0,0,0.5,0.5"
"9218.0,1.0,0.0,0,0.57,0.43"
"9224.0,1.0,1.0,1,0.47,0.53"
"9226.0,1.0,1.0,1,0.45,0.55"
"9228.0,1.0,0.0,0,0.58,0.42"
"9229.0,1.0,0.0,0,0.6,0.4"
"9231.0,1.0,0.0,0,0.56,0.44"
"9239.0,1.0,0.0,0,0.55,0.45"
"9240.0,1.0,1.0,1,0.47,0.53"
"9245.0,1.0,1.0,1,0.47,0.53"
"9247.0,1.0,0.0,0,0.6,0.4"
"9252.0,1.0,0.0,0,0.53,0.47"
"9254.0,1.0,1.0,1,0.48,0.52"
"9257.0,1.0,0.0,0,0.52,0.48"
"9261.0,1.0,1.0,1,0.46,0.54"
"9263.0,1.0,0.0,0,0.77,0.23"
"9264.0,1.0,0.0,0,0.53,0.47"
"9265.0,1.0,1.0,1,0.37,0.63"
"9273.0,1.0,1.0,1,0.49,0.51"
"9276.0,1.0,1.0,1,0.44,0.56"
"9279.0,1.0,0.0,0,0.54,0.46"
"9282.0,1.0,1.0,1,0.32,0.68"
"9284.0,1.0,0.0,0,0.54,0.46"
"9288.0,1.0,0.0,0,0.55,0.45"
"9290.0,1.0,1.0,1,0.42,0.58"
"9298.0,1.0,0.0,0,0.59,0.41"
"9299.0,1.0,0.0,0,0.51,0.49"
"9301.0,1.0,1.0,1,0.33,0.67"
"9303.0,1.0,1.0,1,0.45,0.55"
"9306.0,1.0,1.0,1,0.49,0.51"
"9310.0,1.0,0.0,0,0.52,0.48"
"9313.0,1.0,0.0,0,0.52,0.48"
"9315.0,1.0,0.0,0,0.58,0.42"
"9316.0,1.0,1.0,1,0.46,0.54"
"9318.0,1.0,1.0,1,0.39,0.61"
"9321.0,1.0,0.0,0,0.51,0.49"
"9327.0,1.0,0.0,0,0.53,0.47"
"9328.0,1.0,1.0,1,0.37,0.63"
"9331.0,1.0,0.0,0,0.57,0.43"
"9332.0,1.0,0.0,0,0.6,0.4"
"9333.0,1.0,1.0,1,0.38,0.62"
"9338.0,1.0,0.0,0,0.53,0.47"
"9340.0,1.0,0.0,0,0.51,0.49"
"9341.0,1.0,0.0,0,0.55,0.45"
"9356.0,1.0,1.0,1,0.34,0.66"
"9357.0,1.0,1.0,1,0.49,0.51"
"9358.0,1.0,1.0,1,0.41,0.59"
"9363.0,1.0,1.0,1,0.29,0.71"
"9364.0,1.0,0.0,0,0.57,0.43"
"9369.0,1.0,1.0,1,0.41,0.59"
"9374.0,1.0,0.0,0,0.56,0.44"
"9377.0,1.0,0.0,0,0.57,0.43"
"9395.0,1.0,1.0,1,0.44,0.56"
"9397.0,1.0,1.0,1,0.49,0.51"
"9398.0,1.0,1.0,1,0.4,0.6"
"9400.0,1.0,1.0,1,0.42,0.58"
"9403.0,1.0,0.0,0,0.58,0.42"
"9408.0,1.0,1.0,1,0.38,0.62"
"9415.0,1.0,0.0,0,0.65,0.35"
"9416.0,1.0,0.0,0,0.51,0.49"
"9421.0,1.0,0.0,0,0.58,0.42"
"9423.0,1.0,1.0,1,0.45,0.55"
"9426.0,1.0,0.0,0,0.51,0.49"
"9427.0,1.0,1.0,1,0.44,0.56"
"9437.0,1.0,0.0,0,0.51,0.49"
"9444.0,1.0,1.0,1,0.45,0.55"
"9446.0,1.0,0.0,0,0.57,0.43"
"9451.0,1.0,0.0,0,0.56,0.44"
"9453.0,1.0,1.0,1,0.49,0.51"
"9457.0,1.0,0.0,0,0.54,0.46"
"9458.0,1.0,0.0,0,0.51,0.49"
"9460.0,1.0,1.0,1,0.39,0.61"
"9461.0,1.0,1.0,1,0.49,0.51"
"9462.0,1.0,0.0,0,0.58,0.42"
"9467.0,1.0,1.0,1,0.49,0.51"
"9471.0,1.0,0.0,0,0.56,0.44"
"9474.0,1.0,1.0,1,0.49,0.51"
"9475.0,1.0,0.0,0,0.56,0.44"
"9479.0,1.0,0.0,0,0.52,0.48"
"9480.0,1.0,0.0,0,0.54,0.46"
"9490.0,1.0,0.0,0,0.81,0.19"
"9491.0,1.0,1.0,1,0.47,0.53"
"9495.0,1.0,0.0,0,0.57,0.43"
"9496.0,1.0,0.0,0,0.52,0.48"
"9504.0,1.0,1.0,1,0.48,0.52"
"9509.0,1.0,0.0,0,0.55,0.45"
"9516.0,1.0,1.0,1,0.47,0.53"
"9523.0,1.0,0.0,0,0.56,0.44"
"9525.0,1.0,0.0,0,0.51,0.49"
"9532.0,1.0,1.0,1,0.45,0.55"
"9534.0,1.0,0.0,0,0.58,0.42"
"9537.0,1.0,0.0,0,0.6,0.4"
"9541.0,1.0,0.0,0,0.6,0.4"
"9543.0,1.0,1.0,1,0.41,0.59"
"9549.0,1.0,1.0,1,0.46,0.54"
"9551.0,1.0,1.0,1,0.49,0.51"
"9557.0,1.0,1.0,1,0.38,0.62"
"9560.0,1.0,1.0,1,0.47,0.53"
"9561.0,1.0,0.0,0,0.56,0.44"
"9563.0,1.0,1.0,1,0.5,0.5"
"9567.0,1.0,0.0,0,0.51,0.49"
"9570.0,1.0,1.0,1,0.49,0.51"
"9572.0,1.0,0.0,0,0.5,0.5"
"9573.0,1.0,1.0,1,0.47,0.53"
"9574.0,1.0,0.0,0,0.59,0.41"
"9575.0,1.0,1.0,1,0.46,0.54"
"9576.0,1.0,1.0,1,0.26,0.74"
"9577.0,1.0,1.0,1,0.48,0.52"
"9582.0,1.0,0.0,0,0.58,0.42"
"9584.0,1.0,0.0,0,0.55,0.45"
"9588.0,1.0,1.0,1,0.47,0.53"
"9589.0,1.0,0.0,0,0.5,0.5"
"9593.0,1.0,1.0,1,0.34,0.66"
"9594.0,1.0,1.0,1,0.4,0.6"
"9596.0,1.0,1.0,1,0.5,0.5"
"9600.0,1.0,1.0,1,0.44,0.56"
"9603.0,1.0,1.0,1,0.45,0.55"
"9606.0,1.0,1.0,1,0.49,0.51"
"9607.0,1.0,0.0,0,0.5,0.5"
"9610.0,1.0,0.0,0,0.5,0.5"
"9611.0,1.0,0.0,0,0.53,0.47"
"9613.0,1.0,1.0,1,0.46,0.54"
"9616.0,1.0,1.0,1,0.47,0.53"
"9618.0,1.0,1.0,1,0.38,0.62"
"9620.0,1.0,1.0,1,0.5,0.5"
"9628.0,1.0,0.0,0,0.54,0.46"
"9630.0,1.0,1.0,1,0.45,0.55"
"9633.0,1.0,1.0,1,0.46,0.54"
"9637.0,1.0,1.0,1,0.36,0.64"
"9639.0,1.0,1.0,1,0.41,0.59"
"9640.0,1.0,0.0,0,0.54,0.46"
"9642.0,1.0,1.0,1,0.46,0.54"
"9643.0,1.0,0.0,0,0.52,0.48"
"9646.0,1.0,0.0,0,0.53,0.47"
"9647.0,1.0,0.0,0,0.61,0.39"
"9648.0,1.0,1.0,1,0.39,0.61"
"9649.0,1.0,0.0,0,0.55,0.45"
"9650.0,1.0,1.0,1,0.49,0.51"
"9651.0,1.0,0.0,0,0.68,0.32"
"9654.0,1.0,0.0,0,0.55,0.45"
"9660.0,1.0,0.0,0,0.55,0.45"
"9665.0,1.0,0.0,0,0.53,0.47"
"9666.0,1.0,1.0,1,0.41,0.59"
"9667.0,1.0,1.0,1,0.49,0.51"
"9669.0,1.0,0.0,0,0.53,0.47"
"9670.0,1.0,1.0,1,0.44,0.56"
